1,1,5,0,22
2,2,6,0,22
3,3,0,0,22
4,4,1,0,23
5,5,2,0,25
6,6,3,0,26
7,7,4,0,25
8,8,5,0,25
9,9,6,0,26
10,10,0,0,26
11,11,1,0,26
12,12,2,0,26
13,13,3,0,26
14,14,4,0,25
15,15,5,0,25
16,16,6,0,23
17,17,0,0,24
18,18,1,0,22
19,19,2,0,19
20,20,3,0,17
21,21,4,0,20
22,22,5,0,22
23,23,6,0,22
24,24,0,0,23
25,25,1,0,22
26,26,2,0,19
27,27,3,0,17
28,28,4,0,17
29,29,5,0,19
30,30,6,0,19
31,31,0,0,17
32,1,1,0,16
33,2,2,0,17
34,3,3,0,18
35,4,4,0,20
36,5,5,0,21
37,6,6,0,21
38,7,0,0,21
39,8,1,0,20
40,9,2,0,20
41,10,3,0,23
42,11,4,0,25
43,12,5,0,25
44,13,6,0,27
45,14,0,0,27
46,15,1,0,25
47,16,2,0,25
48,17,3,0,26
49,18,4,0,26
50,19,5,0,26
51,20,6,0,27
52,21,0,0,27
53,22,1,0,28
54,23,2,0,28
55,24,3,0,28
56,25,4,0,23
57,26,5,0,19
58,27,6,0,20
59,28,0,0,23
60,29,1,0,19
61,1,2,0,16
62,2,3,0,19
63,3,4,0,24
64,4,5,0,27
65,5,6,0,29
66,6,0,0,28
67,7,1,0,28
68,8,2,0,27
69,9,3,0,28
70,10,4,0,28
71,11,5,0,28
72,12,6,0,27
73,13,0,0,27
74,14,1,0,28
75,15,2,0,28
76,16,3,0,28
77,17,4,0,29
78,18,5,0,30
79,19,6,0,30
80,20,0,0,30
81,21,1,0,30
82,22,2,0,29
83,23,3,0,30
84,24,4,0,29
85,25,5,0,27
86,26,6,0,26
87,27,0,0,26
88,28,1,0,29
89,29,2,0,28
90,30,3,0,29
91,31,4,0,29
92,1,5,0,28
93,2,6,0,30
94,3,0,0,30
95,4,1,0,31
96,5,2,0,30
97,6,3,0,28
98,7,4,0,28
99,8,5,0,29
100,9,6,0,30
101,10,0,0,27
102,11,1,0,25
103,12,2,0,25
104,13,3,0,25
105,14,4,0,26
106,15,5,0,25
107,16,6,0,23
108,17,0,0,23
109,18,1,0,26
110,19,2,0,27
111,20,3,0,26
112,21,4,0,26
113,22,5,0,26
114,23,6,0,26
115,24,0,0,26
116,25,1,0,26
117,26,2,0,26
118,27,3,0,26
119,28,4,0,25
120,29,5,0,25
121,30,6,0,26
122,1,0,0,26
123,2,1,0,26
124,3,2,0,26
125,4,3,0,26
126,5,4,0,25
127,6,5,0,26
128,7,6,0,26
129,8,0,0,26
130,9,1,0,27
131,10,2,0,27
132,11,3,0,25
133,12,4,0,24
134,13,5,0,24
135,14,6,0,24
136,15,0,0,25
137,16,1,0,26
138,17,2,0,27
139,18,3,0,27
140,19,4,0,26
141,20,5,0,26
142,21,6,0,24
143,22,0,0,25
144,23,1,0,26
145,24,2,0,26
146,25,3,0,25
147,26,4,0,26
148,27,5,0,26
149,28,6,0,26
150,29,0,0,26
151,30,1,0,26
152,31,2,0,26
153,1,3,0,26
154,2,4,0,25
155,3,5,0,25
156,4,6,0,25
157,5,0,0,26
158,6,1,0,25
159,7,2,0,26
160,8,3,0,25
161,9,4,0,25
162,10,5,0,25
163,11,6,0,25
164,12,0,0,25
165,13,1,0,25
166,14,2,0,25
167,15,3,0,25
168,16,4,0,26
169,17,5,0,25
170,18,6,0,25
171,19,0,0,25
172,20,1,0,25
173,21,2,0,25
174,22,3,0,25
175,23,4,0,24
176,24,5,0,24
177,25,6,0,24
178,26,0,0,24
179,27,1,0,24
180,28,2,0,24
181,29,3,0,25
182,30,4,0,26
183,1,5,0,26
184,2,6,0,26
185,3,0,0,25
186,4,1,0,26
187,5,2,0,26
188,6,3,0,24
189,7,4,0,25
190,8,5,0,25
191,9,6,0,24
192,10,0,0,25
193,11,1,0,25
194,12,2,0,23
195,13,3,0,24
196,14,4,0,25
197,15,5,0,25
198,16,6,0,25
199,17,0,0,24
200,18,1,0,23
201,19,2,0,24
202,20,3,0,25
203,21,4,0,25
204,22,5,0,25
205,23,6,0,25
206,24,0,0,24
207,25,1,0,25
208,26,2,0,24
209,27,3,0,25
210,28,4,0,24
211,29,5,0,24
212,30,6,0,24
213,31,0,0,24
214,1,1,0,25
215,2,2,0,25
216,3,3,0,25
217,4,4,0,24
218,5,5,0,24
219,6,6,0,25
220,7,0,0,24
221,8,1,0,24
222,9,2,0,24
223,10,3,0,25
224,11,4,0,25
225,12,5,0,26
226,13,6,0,25
227,14,0,0,25
228,15,1,0,25
229,16,2,0,25
230,17,3,0,24
231,18,4,0,25
232,19,5,0,24
233,20,6,0,26
234,21,0,0,26
235,22,1,0,25
236,23,2,0,24
237,24,3,0,24
238,25,4,0,24
239,26,5,0,25
240,27,6,0,24
241,28,0,0,25
242,29,1,0,25
243,30,2,0,24
244,31,3,0,25
245,1,4,0,24
246,2,5,0,24
247,3,6,0,24
248,4,0,0,23
249,5,1,0,23
250,6,2,0,24
251,7,3,0,24
252,8,4,0,24
253,9,5,0,25
254,10,6,0,25
255,11,0,0,24
256,12,1,0,24
257,13,2,0,25
258,14,3,0,24
259,15,4,0,23
260,16,5,0,22
261,17,6,0,23
262,18,0,0,24
263,19,1,0,24
264,20,2,0,24
265,21,3,0,24
266,22,4,0,24
267,23,5,0,24
268,24,6,0,25
269,25,0,0,25
270,26,1,0,25
271,27,2,0,24
272,28,3,0,24
273,29,4,0,24
274,30,5,0,24
275,1,6,0,25
276,2,0,0,25
277,3,1,0,26
278,4,2,0,25
279,5,3,0,25
280,6,4,0,24
281,7,5,0,24
282,8,6,0,25
283,9,0,0,25
284,10,1,0,25
285,11,2,0,26
286,12,3,0,26
287,13,4,0,25
288,14,5,0,23
289,15,6,0,21
290,16,0,0,21
291,17,1,0,21
292,18,2,0,22
293,19,3,0,23
294,20,4,0,24
295,21,5,0,25
296,22,6,0,24
297,23,0,0,23
298,24,1,0,24
299,25,2,0,24
300,26,3,0,24
301,27,4,0,24
302,28,5,0,24
303,29,6,0,24
304,30,0,0,21
305,31,1,0,21
306,1,2,0,18
307,2,3,0,16
308,3,4,0,16
309,4,5,0,17
310,5,6,0,17
311,6,0,0,19
312,7,1,0,20
313,8,2,0,20
314,9,3,0,20
315,10,4,0,20
316,11,5,0,22
317,12,6,0,20
318,13,0,0,19
319,14,1,0,20
320,15,2,0,22
321,16,3,0,22
322,17,4,0,20
323,18,5,0,20
324,19,6,0,22
325,20,0,0,20
326,21,1,0,17
327,22,2,0,17
328,23,3,0,18
329,24,4,0,21
330,25,5,0,23
331,26,6,0,24
332,27,0,0,24
333,28,1,0,23
334,29,2,0,23
335,30,3,0,23
336,1,4,0,23
337,2,5,0,23
338,3,6,0,21
339,4,0,0,18
340,5,1,0,19
341,6,2,0,20
342,7,3,0,20
343,8,4,0,22
344,9,5,0,22
345,10,6,0,23
346,11,0,0,23
347,12,1,0,22
348,13,2,0,20
349,14,3,0,19
350,15,4,0,20
351,16,5,0,22
352,17,6,0,22
353,18,0,0,21
354,19,1,0,22
355,20,2,0,23
356,21,3,0,21
357,22,4,0,19
358,23,5,0,19
359,24,6,0,17
360,25,0,0,16
361,26,1,0,18
362,27,2,0,19
363,28,3,0,21
364,29,4,0,21
365,30,5,0,22
366,31,6,0,21
1,1,0,1,19
2,2,1,1,20
3,3,2,1,20
4,4,3,1,20
5,5,4,1,21
6,6,5,1,23
7,7,6,1,23
8,8,0,1,24
9,9,1,1,24
10,10,2,1,23
11,11,3,1,23
12,12,4,1,23
13,13,5,1,23
14,14,6,1,21
15,15,0,1,21
16,16,1,1,17
17,17,2,1,19
18,18,3,1,21
19,19,4,1,22
20,20,5,1,24
21,21,6,1,24
22,22,0,1,26
23,23,1,1,26
24,24,2,1,26
25,25,3,1,26
26,26,4,1,26
27,27,5,1,26
28,28,6,1,24
29,29,0,1,20
30,30,1,1,22
31,31,2,1,24
32,1,3,1,25
33,2,4,1,25
34,3,5,1,26
35,4,6,1,26
36,5,0,1,25
37,6,1,1,26
38,7,2,1,27
39,8,3,1,25
40,9,4,1,25
41,10,5,1,22
42,11,6,1,22
43,12,0,1,24
44,13,1,1,24
45,14,2,1,22
46,15,3,1,20
47,16,4,1,20
48,17,5,1,21
49,18,6,1,23
50,19,0,1,26
51,20,1,1,26
52,21,2,1,27
53,22,3,1,27
54,23,4,1,26
55,24,5,1,26
56,25,6,1,26
57,26,0,1,26
58,27,1,1,27
59,28,2,1,28
60,1,3,1,25
61,2,4,1,26
62,3,5,1,29
63,4,6,1,26
64,5,0,1,26
65,6,1,1,29
66,7,2,1,29
67,8,3,1,27
68,9,4,1,20
69,10,5,1,19
70,11,6,1,23
71,12,0,1,22
72,13,1,1,21
73,14,2,1,24
74,15,3,1,27
75,16,4,1,27
76,17,5,1,27
77,18,6,1,27
78,19,0,1,26
79,20,1,1,27
80,21,2,1,26
81,22,3,1,26
82,23,4,1,27
83,24,5,1,27
84,25,6,1,27
85,26,0,1,26
86,27,1,1,27
87,28,2,1,29
88,29,3,1,28
89,30,4,1,26
90,31,5,1,28
91,1,6,1,28
92,2,0,1,29
93,3,1,1,28
94,4,2,1,30
95,5,3,1,30
96,6,4,1,30
97,7,5,1,30
98,8,6,1,30
99,9,0,1,29
100,10,1,1,31
101,11,2,1,30
102,12,3,1,25
103,13,4,1,29
104,14,5,1,30
105,15,6,1,30
106,16,0,1,29
107,17,1,1,30
108,18,2,1,30
109,19,3,1,30
110,20,4,1,31
111,21,5,1,31
112,22,6,1,32
113,23,0,1,32
114,24,1,1,31
115,25,2,1,28
116,26,3,1,28
117,27,4,1,29
118,28,5,1,30
119,29,6,1,28
120,30,0,1,28
121,1,1,1,27
122,2,2,1,26
123,3,3,1,25
124,4,4,1,26
125,5,5,1,27
126,6,6,1,28
127,7,0,1,28
128,8,1,1,28
129,9,2,1,28
130,10,3,1,27
131,11,4,1,25
132,12,5,1,25
133,13,6,1,26
134,14,0,1,27
135,15,1,1,26
136,16,2,1,26
137,17,3,1,26
138,18,4,1,26
139,19,5,1,26
140,20,6,1,26
141,21,0,1,26
142,22,1,1,26
143,23,2,1,27
144,24,3,1,27
145,25,4,1,27
146,26,5,1,27
147,27,6,1,26
148,28,0,1,26
149,29,1,1,26
150,30,2,1,26
151,31,3,1,26
152,1,4,1,26
153,2,5,1,27
154,3,6,1,26
155,4,0,1,26
156,5,1,1,26
157,6,2,1,26
158,7,3,1,25
159,8,4,1,25
160,9,5,1,25
161,10,6,1,25
162,11,0,1,25
163,12,1,1,25
164,13,2,1,25
165,14,3,1,24
166,15,4,1,25
167,16,5,1,25
168,17,6,1,26
169,18,0,1,27
170,19,1,1,26
171,20,2,1,26
172,21,3,1,26
173,22,4,1,26
174,23,5,1,26
175,24,6,1,25
176,25,0,1,25
177,26,1,1,24
178,27,2,1,25
179,28,3,1,25
180,29,4,1,25
181,30,5,1,25
182,1,6,1,26
183,2,0,1,26
184,3,1,1,26
185,4,2,1,26
186,5,3,1,26
187,6,4,1,26
188,7,5,1,25
189,8,6,1,25
190,9,0,1,24
191,10,1,1,25
192,11,2,1,25
193,12,3,1,25
194,13,4,1,25
195,14,5,1,25
196,15,6,1,26
197,16,0,1,25
198,17,1,1,25
199,18,2,1,25
200,19,3,1,26
201,20,4,1,25
202,21,5,1,25
203,22,6,1,24
204,23,0,1,25
205,24,1,1,26
206,25,2,1,25
207,26,3,1,25
208,27,4,1,26
209,28,5,1,26
210,29,6,1,25
211,30,0,1,25
212,31,1,1,26
213,1,2,1,25
214,2,3,1,25
215,3,4,1,25
216,4,5,1,26
217,5,6,1,26
218,6,0,1,25
219,7,1,1,25
220,8,2,1,25
221,9,3,1,25
222,10,4,1,24
223,11,5,1,24
224,12,6,1,25
225,13,0,1,25
226,14,1,1,25
227,15,2,1,24
228,16,3,1,25
229,17,4,1,25
230,18,5,1,25
231,19,6,1,26
232,20,0,1,26
233,21,1,1,26
234,22,2,1,25
235,23,3,1,26
236,24,4,1,26
237,25,5,1,25
238,26,6,1,25
239,27,0,1,24
240,28,1,1,25
241,29,2,1,25
242,30,3,1,25
243,31,4,1,24
244,1,5,1,25
245,2,6,1,26
246,3,0,1,24
247,4,1,1,24
248,5,2,1,24
249,6,3,1,25
250,7,4,1,25
251,8,5,1,24
252,9,6,1,24
253,10,0,1,24
254,11,1,1,24
255,12,2,1,23
256,13,3,1,24
257,14,4,1,24
258,15,5,1,26
259,16,6,1,26
260,17,0,1,26
261,18,1,1,26
262,19,2,1,25
263,20,3,1,25
264,21,4,1,24
265,22,5,1,24
266,23,6,1,24
267,24,0,1,25
268,25,1,1,25
269,26,2,1,25
270,27,3,1,25
271,28,4,1,25
272,29,5,1,25
273,30,6,1,24
274,1,0,1,24
275,2,1,1,25
276,3,2,1,24
277,4,3,1,25
278,5,4,1,25
279,6,5,1,25
280,7,6,1,25
281,8,0,1,26
282,9,1,1,25
283,10,2,1,25
284,11,3,1,25
285,12,4,1,24
286,13,5,1,25
287,14,6,1,25
288,15,0,1,25
289,16,1,1,24
290,17,2,1,24
291,18,3,1,24
292,19,4,1,24
293,20,5,1,24
294,21,6,1,24
295,22,0,1,24
296,23,1,1,23
297,24,2,1,24
298,25,3,1,24
299,26,4,1,24
300,27,5,1,24
301,28,6,1,24
302,29,0,1,23
303,30,1,1,23
304,31,2,1,24
305,1,3,1,24
306,2,4,1,25
307,3,5,1,25
308,4,6,1,25
309,5,0,1,24
310,6,1,1,22
311,7,2,1,22
312,8,3,1,23
313,9,4,1,23
314,10,5,1,20
315,11,6,1,19
316,12,0,1,19
317,13,1,1,20
318,14,2,1,16
319,15,3,1,15
320,16,4,1,17
321,17,5,1,18
322,18,6,1,18
323,19,0,1,17
324,20,1,1,17
325,21,2,1,17
326,22,3,1,17
327,23,4,1,18
328,24,5,1,19
329,25,6,1,19
330,26,0,1,17
331,27,1,1,18
332,28,2,1,20
333,29,3,1,21
334,30,4,1,21
335,1,5,1,23
336,2,6,1,23
337,3,0,1,23
338,4,1,1,23
339,5,2,1,24
340,6,3,1,24
341,7,4,1,22
342,8,5,1,22
343,9,6,1,21
344,10,0,1,21
345,11,1,1,21
346,12,2,1,22
347,13,3,1,23
348,14,4,1,18
349,15,5,1,18
350,16,6,1,22
351,17,0,1,24
352,18,1,1,24
353,19,2,1,22
354,20,3,1,22
355,21,4,1,19
356,22,5,1,15
357,23,6,1,15
358,24,0,1,16
359,25,1,1,17
360,26,2,1,18
361,27,3,1,19
362,28,4,1,20
363,29,5,1,18
364,30,6,1,17
365,31,0,1,19
1,1,1,2,20
2,2,2,2,19
3,3,3,2,18
4,4,4,2,17
5,5,5,2,18
6,6,6,2,19
7,7,0,2,19
8,8,1,2,19
9,9,2,2,19
10,10,3,2,20
11,11,4,2,22
12,12,5,2,23
13,13,6,2,23
14,14,0,2,22
15,15,1,2,24
16,16,2,2,23
17,17,3,2,24
18,18,4,2,24
19,19,5,2,24
20,20,6,2,24
21,21,0,2,22
22,22,1,2,21
23,23,2,2,21
24,24,3,2,23
25,25,4,2,25
26,26,5,2,25
27,27,6,2,23
28,28,0,2,23
29,29,1,2,21
30,30,2,2,21
31,31,3,2,22
32,1,4,2,23
33,2,5,2,21
34,3,6,2,22
35,4,0,2,24
36,5,1,2,24
37,6,2,2,23
38,7,3,2,25
39,8,4,2,26
40,9,5,2,27
41,10,6,2,27
42,11,0,2,24
43,12,1,2,24
44,13,2,2,25
45,14,3,2,26
46,15,4,2,24
47,16,5,2,24
48,17,6,2,24
49,18,0,2,24
50,19,1,2,25
51,20,2,2,24
52,21,3,2,26
53,22,4,2,28
54,23,5,2,29
55,24,6,2,29
56,25,0,2,28
57,26,1,2,28
58,27,2,2,27
59,28,3,2,28
60,1,4,2,28
61,2,5,2,29
62,3,6,2,29
63,4,0,2,27
64,5,1,2,28
65,6,2,2,25
66,7,3,2,21
67,8,4,2,21
68,9,5,2,24
69,10,6,2,27
70,11,0,2,28
71,12,1,2,29
72,13,2,2,29
73,14,3,2,29
74,15,4,2,30
75,16,5,2,30
76,17,6,2,30
77,18,0,2,25
78,19,1,2,26
79,20,2,2,28
80,21,3,2,30
81,22,4,2,28
82,23,5,2,26
83,24,6,2,26
84,25,0,2,28
85,26,1,2,29
86,27,2,2,30
87,28,3,2,29
88,29,4,2,29
89,30,5,2,28
90,31,6,2,28
91,1,0,2,28
92,2,1,2,29
93,3,2,2,30
94,4,3,2,29
95,5,4,2,29
96,6,5,2,30
97,7,6,2,30
98,8,0,2,30
99,9,1,2,30
100,10,2,2,30
101,11,3,2,29
102,12,4,2,23
103,13,5,2,27
104,14,6,2,29
105,15,0,2,26
106,16,1,2,28
107,17,2,2,30
108,18,3,2,30
109,19,4,2,29
110,20,5,2,29
111,21,6,2,31
112,22,0,2,31
113,23,1,2,29
114,24,2,2,29
115,25,3,2,28
116,26,4,2,28
117,27,5,2,29
118,28,6,2,29
119,29,0,2,28
120,30,1,2,28
121,1,2,2,27
122,2,3,2,28
123,3,4,2,28
124,4,5,2,29
125,5,6,2,30
126,6,0,2,29
127,7,1,2,29
128,8,2,2,28
129,9,3,2,28
130,10,4,2,27
131,11,5,2,26
132,12,6,2,26
133,13,0,2,26
134,14,1,2,26
135,15,2,2,26
136,16,3,2,25
137,17,4,2,25
138,18,5,2,25
139,19,6,2,26
140,20,0,2,26
141,21,1,2,28
142,22,2,2,28
143,23,3,2,29
144,24,4,2,27
145,25,5,2,26
146,26,6,2,25
147,27,0,2,25
148,28,1,2,26
149,29,2,2,26
150,30,3,2,27
151,31,4,2,27
152,1,5,2,27
153,2,6,2,26
154,3,0,2,27
155,4,1,2,27
156,5,2,2,26
157,6,3,2,27
158,7,4,2,27
159,8,5,2,28
160,9,6,2,26
161,10,0,2,26
162,11,1,2,26
163,12,2,2,25
164,13,3,2,25
165,14,4,2,26
166,15,5,2,27
167,16,6,2,27
168,17,0,2,27
169,18,1,2,27
170,19,2,2,26
171,20,3,2,26
172,21,4,2,24
173,22,5,2,26
174,23,6,2,27
175,24,0,2,26
176,25,1,2,27
177,26,2,2,26
178,27,3,2,25
179,28,4,2,26
180,29,5,2,26
181,30,6,2,26
182,1,0,2,25
183,2,1,2,25
184,3,2,2,25
185,4,3,2,27
186,5,4,2,26
187,6,5,2,25
188,7,6,2,25
189,8,0,2,26
190,9,1,2,26
191,10,2,2,27
192,11,3,2,27
193,12,4,2,27
194,13,5,2,27
195,14,6,2,27
196,15,0,2,27
197,16,1,2,25
198,17,2,2,26
199,18,3,2,25
200,19,4,2,26
201,20,5,2,26
202,21,6,2,25
203,22,0,2,26
204,23,1,2,26
205,24,2,2,26
206,25,3,2,26
207,26,4,2,26
208,27,5,2,26
209,28,6,2,25
210,29,0,2,25
211,30,1,2,25
212,31,2,2,27
213,1,3,2,27
214,2,4,2,25
215,3,5,2,26
216,4,6,2,25
217,5,0,2,25
218,6,1,2,24
219,7,2,2,25
220,8,3,2,26
221,9,4,2,25
222,10,5,2,26
223,11,6,2,26
224,12,0,2,25
225,13,1,2,25
226,14,2,2,26
227,15,3,2,24
228,16,4,2,25
229,17,5,2,25
230,18,6,2,24
231,19,0,2,25
232,20,1,2,25
233,21,2,2,23
234,22,3,2,24
235,23,4,2,25
236,24,5,2,25
237,25,6,2,24
238,26,0,2,26
239,27,1,2,24
240,28,2,2,24
241,29,3,2,25
242,30,4,2,24
243,31,5,2,25
244,1,6,2,25
245,2,0,2,24
246,3,1,2,25
247,4,2,2,24
248,5,3,2,25
249,6,4,2,25
250,7,5,2,24
251,8,6,2,25
252,9,0,2,24
253,10,1,2,25
254,11,2,2,25
255,12,3,2,26
256,13,4,2,24
257,14,5,2,25
258,15,6,2,24
259,16,0,2,24
260,17,1,2,24
261,18,2,2,24
262,19,3,2,24
263,20,4,2,25
264,21,5,2,24
265,22,6,2,25
266,23,0,2,24
267,24,1,2,23
268,25,2,2,24
269,26,3,2,25
270,27,4,2,25
271,28,5,2,25
272,29,6,2,25
273,30,0,2,26
274,1,1,2,25
275,2,2,2,25
276,3,3,2,25
277,4,4,2,25
278,5,5,2,25
279,6,6,2,23
280,7,0,2,21
281,8,1,2,21
282,9,2,2,20
283,10,3,2,19
284,11,4,2,19
285,12,5,2,20
286,13,6,2,20
287,14,0,2,22
288,15,1,2,24
289,16,2,2,25
290,17,3,2,25
291,18,4,2,25
292,19,5,2,26
293,20,6,2,25
294,21,0,2,25
295,22,1,2,25
296,23,2,2,24
297,24,3,2,21
298,25,4,2,23
299,26,5,2,23
300,27,6,2,23
301,28,0,2,25
302,29,1,2,25
303,30,2,2,25
304,31,3,2,24
305,1,4,2,24
306,2,5,2,23
307,3,6,2,21
308,4,0,2,19
309,5,1,2,18
310,6,2,2,19
311,7,3,2,21
312,8,4,2,20
313,9,5,2,20
314,10,6,2,20
315,11,0,2,22
316,12,1,2,23
317,13,2,2,25
318,14,3,2,25
319,15,4,2,26
320,16,5,2,25
321,17,6,2,20
322,18,0,2,20
323,19,1,2,22
324,20,2,2,23
325,21,3,2,23
326,22,4,2,21
327,23,5,2,22
328,24,6,2,23
329,25,0,2,21
330,26,1,2,19
331,27,2,2,20
332,28,3,2,21
333,29,4,2,22
334,30,5,2,23
335,1,6,2,24
336,2,0,2,24
337,3,1,2,25
338,4,2,2,24
339,5,3,2,25
340,6,4,2,25
341,7,5,2,26
342,8,6,2,23
343,9,0,2,16
344,10,1,2,17
345,11,2,2,20
346,12,3,2,19
347,13,4,2,19
348,14,5,2,20
349,15,6,2,22
350,16,0,2,22
351,17,1,2,23
352,18,2,2,25
353,19,3,2,25
354,20,4,2,24
355,21,5,2,23
356,22,6,2,22
357,23,0,2,21
358,24,1,2,21
359,25,2,2,22
360,26,3,2,22
361,27,4,2,13
362,28,5,2,16
363,29,6,2,18
364,30,0,2,20
365,31,1,2,21
1,1,2,3,21
2,2,3,3,23
3,3,4,3,20
4,4,5,3,19
5,5,6,3,21
6,6,0,3,19
7,7,1,3,15
8,8,2,3,18
9,9,3,3,19
10,10,4,3,18
11,11,5,3,17
12,12,6,3,17
13,13,0,3,17
14,14,1,3,18
15,15,2,3,20
16,16,3,3,20
17,17,4,3,20
18,18,5,3,20
19,19,6,3,20
20,20,0,3,21
21,21,1,3,22
22,22,2,3,23
23,23,3,3,22
24,24,4,3,23
25,25,5,3,23
26,26,6,3,24
27,27,0,3,24
28,28,1,3,20
29,29,2,3,20
30,30,3,3,22
31,31,4,3,23
32,1,5,3,24
33,2,6,3,23
34,3,0,3,23
35,4,1,3,21
36,5,2,3,19
37,6,3,3,19
38,7,4,3,20
39,8,5,3,23
40,9,6,3,25
41,10,0,3,26
42,11,1,3,26
43,12,2,3,28
44,13,3,3,27
45,14,4,3,27
46,15,5,3,27
47,16,6,3,28
48,17,0,3,27
49,18,1,3,27
50,19,2,3,28
51,20,3,3,28
52,21,4,3,28
53,22,5,3,28
54,23,6,3,28
55,24,0,3,28
56,25,1,3,28
57,26,2,3,27
58,27,3,3,26
59,28,4,3,26
60,1,5,3,28
61,2,6,3,29
62,3,0,3,28
63,4,1,3,27
64,5,2,3,27
65,6,3,3,28
66,7,4,3,28
67,8,5,3,25
68,9,6,3,22
69,10,0,3,23
70,11,1,3,24
71,12,2,3,27
72,13,3,3,25
73,14,4,3,24
74,15,5,3,27
75,16,6,3,28
76,17,0,3,29
77,18,1,3,29
78,19,2,3,30
79,20,3,3,28
80,21,4,3,24
81,22,5,3,25
82,23,6,3,26
83,24,0,3,26
84,25,1,3,27
85,26,2,3,27
86,27,3,3,26
87,28,4,3,25
88,29,5,3,26
89,30,6,3,26
90,31,0,3,26
91,1,1,3,25
92,2,2,3,26
93,3,3,3,27
94,4,4,3,28
95,5,5,3,30
96,6,6,3,29
97,7,0,3,30
98,8,1,3,30
99,9,2,3,30
100,10,3,3,29
101,11,4,3,30
102,12,5,3,30
103,13,6,3,30
104,14,0,3,30
105,15,1,3,31
106,16,2,3,30
107,17,3,3,30
108,18,4,3,31
109,19,5,3,30
110,20,6,3,31
111,21,0,3,32
112,22,1,3,31
113,23,2,3,30
114,24,3,3,28
115,25,4,3,29
116,26,5,3,30
117,27,6,3,29
118,28,0,3,29
119,29,1,3,29
120,30,2,3,27
121,1,3,3,27
122,2,4,3,28
123,3,5,3,28
124,4,6,3,29
125,5,0,3,31
126,6,1,3,32
127,7,2,3,33
128,8,3,3,31
129,9,4,3,28
130,10,5,3,29
131,11,6,3,29
132,12,0,3,29
133,13,1,3,27
134,14,2,3,27
135,15,3,3,27
136,16,4,3,28
137,17,5,3,28
138,18,6,3,28
139,19,0,3,29
140,20,1,3,28
141,21,2,3,28
142,22,3,3,28
143,23,4,3,27
144,24,5,3,27
145,25,6,3,27
146,26,0,3,26
147,27,1,3,28
148,28,2,3,29
149,29,3,3,28
150,30,4,3,27
151,31,5,3,26
152,1,6,3,26
153,2,0,3,26
154,3,1,3,26
155,4,2,3,26
156,5,3,3,26
157,6,4,3,26
158,7,5,3,27
159,8,6,3,28
160,9,0,3,29
161,10,1,3,28
162,11,2,3,27
163,12,3,3,28
164,13,4,3,28
165,14,5,3,29
166,15,6,3,28
167,16,0,3,25
168,17,1,3,25
169,18,2,3,25
170,19,3,3,25
171,20,4,3,25
172,21,5,3,25
173,22,6,3,26
174,23,0,3,25
175,24,1,3,26
176,25,2,3,26
177,26,3,3,27
178,27,4,3,27
179,28,5,3,26
180,29,6,3,25
181,30,0,3,24
182,1,1,3,25
183,2,2,3,25
184,3,3,3,26
185,4,4,3,27
186,5,5,3,26
187,6,6,3,26
188,7,0,3,25
189,8,1,3,26
190,9,2,3,25
191,10,3,3,26
192,11,4,3,26
193,12,5,3,25
194,13,6,3,25
195,14,0,3,26
196,15,1,3,26
197,16,2,3,26
198,17,3,3,27
199,18,4,3,28
200,19,5,3,28
201,20,6,3,27
202,21,0,3,26
203,22,1,3,26
204,23,2,3,25
205,24,3,3,25
206,25,4,3,25
207,26,5,3,25
208,27,6,3,26
209,28,0,3,26
210,29,1,3,25
211,30,2,3,24
212,31,3,3,25
213,1,4,3,26
214,2,5,3,26
215,3,6,3,25
216,4,0,3,25
217,5,1,3,26
218,6,2,3,26
219,7,3,3,26
220,8,4,3,25
221,9,5,3,26
222,10,6,3,26
223,11,0,3,26
224,12,1,3,25
225,13,2,3,25
226,14,3,3,26
227,15,4,3,26
228,16,5,3,26
229,17,6,3,25
230,18,0,3,25
231,19,1,3,25
232,20,2,3,25
233,21,3,3,24
234,22,4,3,24
235,23,5,3,24
236,24,6,3,24
237,25,0,3,24
238,26,1,3,25
239,27,2,3,25
240,28,3,3,26
241,29,4,3,26
242,30,5,3,26
243,31,6,3,25
244,1,0,3,24
245,2,1,3,24
246,3,2,3,24
247,4,3,3,24
248,5,4,3,24
249,6,5,3,24
250,7,6,3,25
251,8,0,3,25
252,9,1,3,25
253,10,2,3,24
254,11,3,3,24
255,12,4,3,24
256,13,5,3,23
257,14,6,3,22
258,15,0,3,24
259,16,1,3,25
260,17,2,3,25
261,18,3,3,25
262,19,4,3,25
263,20,5,3,25
264,21,6,3,25
265,22,0,3,25
266,23,1,3,24
267,24,2,3,25
268,25,3,3,25
269,26,4,3,24
270,27,5,3,25
271,28,6,3,25
272,29,0,3,25
273,30,1,3,25
274,1,2,3,24
275,2,3,3,24
276,3,4,3,24
277,4,5,3,24
278,5,6,3,24
279,6,0,3,25
280,7,1,3,25
281,8,2,3,26
282,9,3,3,26
283,10,4,3,26
284,11,5,3,26
285,12,6,3,25
286,13,0,3,26
287,14,1,3,24
288,15,2,3,21
289,16,3,3,21
290,17,4,3,22
291,18,5,3,23
292,19,6,3,23
293,20,0,3,23
294,21,1,3,23
295,22,2,3,23
296,23,3,3,23
297,24,4,3,23
298,25,5,3,23
299,26,6,3,23
300,27,0,3,22
301,28,1,3,23
302,29,2,3,23
303,30,3,3,23
304,31,4,3,23
305,1,5,3,23
306,2,6,3,23
307,3,0,3,23
308,4,1,3,23
309,5,2,3,23
310,6,3,3,24
311,7,4,3,25
312,8,5,3,25
313,9,6,3,24
314,10,0,3,23
315,11,1,3,22
316,12,2,3,20
317,13,3,3,20
318,14,4,3,23
319,15,5,3,24
320,16,6,3,24
321,17,0,3,24
322,18,1,3,24
323,19,2,3,26
324,20,3,3,26
325,21,4,3,25
326,22,5,3,23
327,23,6,3,22
328,24,0,3,23
329,25,1,3,24
330,26,2,3,24
331,27,3,3,23
332,28,4,3,22
333,29,5,3,20
334,30,6,3,19
335,1,0,3,20
336,2,1,3,20
337,3,2,3,20
338,4,3,3,20
339,5,4,3,21
340,6,5,3,22
341,7,6,3,23
342,8,0,3,23
343,9,1,3,22
344,10,2,3,22
345,11,3,3,22
346,12,4,3,21
347,13,5,3,19
348,14,6,3,18
349,15,0,3,17
350,16,1,3,18
351,17,2,3,19
352,18,3,3,21
353,19,4,3,19
354,20,5,3,16
355,21,6,3,16
356,22,0,3,18
357,23,1,3,20
358,24,2,3,22
359,25,3,3,22
360,26,4,3,22
361,27,5,3,19
362,28,6,3,19
363,29,0,3,20
364,30,1,3,21
365,31,2,3,21
1,1,3,4,21
2,2,4,4,22
3,3,5,4,21
4,4,6,4,22
5,5,0,4,22
6,6,1,4,21
7,7,2,4,21
8,8,3,4,21
9,9,4,4,23
10,10,5,4,23
11,11,6,4,22
12,12,0,4,23
13,13,1,4,22
14,14,2,4,23
15,15,3,4,25
16,16,4,4,25
17,17,5,4,24
18,18,6,4,25
19,19,0,4,25
20,20,1,4,23
21,21,2,4,21
22,22,3,4,18
23,23,4,4,20
24,24,5,4,18
25,25,6,4,17
26,26,0,4,20
27,27,1,4,21
28,28,2,4,22
29,29,3,4,24
30,30,4,4,25
31,31,5,4,26
32,1,6,4,26
33,2,0,4,27
34,3,1,4,27
35,4,2,4,26
36,5,3,4,19
37,6,4,4,17
38,7,5,4,17
39,8,6,4,15
40,9,0,4,16
41,10,1,4,18
42,11,2,4,19
43,12,3,4,20
44,13,4,4,19
45,14,5,4,20
46,15,6,4,21
47,16,0,4,22
48,17,1,4,22
49,18,2,4,22
50,19,3,4,24
51,20,4,4,26
52,21,5,4,26
53,22,6,4,27
54,23,0,4,26
55,24,1,4,27
56,25,2,4,27
57,26,3,4,27
58,27,4,4,27
59,28,5,4,27
60,29,6,4,26
61,1,0,4,26
62,2,1,4,27
63,3,2,4,27
64,4,3,4,23
65,5,4,4,27
66,6,5,4,26
67,7,6,4,24
68,8,0,4,22
69,9,1,4,22
70,10,2,4,28
71,11,3,4,30
72,12,4,4,30
73,13,5,4,31
74,14,6,4,32
75,15,0,4,29
76,16,1,4,29
77,17,2,4,30
78,18,3,4,30
79,19,4,4,26
80,20,5,4,27
81,21,6,4,28
82,22,0,4,28
83,23,1,4,29
84,24,2,4,29
85,25,3,4,29
86,26,4,4,29
87,27,5,4,30
88,28,6,4,30
89,29,0,4,30
90,30,1,4,31
91,31,2,4,31
92,1,3,4,30
93,2,4,4,28
94,3,5,4,28
95,4,6,4,26
96,5,0,4,29
97,6,1,4,29
98,7,2,4,29
99,8,3,4,29
100,9,4,4,25
101,10,5,4,28
102,11,6,4,30
103,12,0,4,30
104,13,1,4,31
105,14,2,4,32
106,15,3,4,32
107,16,4,4,31
108,17,5,4,31
109,18,6,4,32
110,19,0,4,32
111,20,1,4,32
112,21,2,4,30
113,22,3,4,29
114,23,4,4,31
115,24,5,4,31
116,25,6,4,30
117,26,0,4,31
118,27,1,4,30
119,28,2,4,26
120,29,3,4,28
121,30,4,4,31
122,1,5,4,31
123,2,6,4,29
124,3,0,4,29
125,4,1,4,28
126,5,2,4,27
127,6,3,4,25
128,7,4,4,27
129,8,5,4,27
130,9,6,4,28
131,10,0,4,28
132,11,1,4,27
133,12,2,4,28
134,13,3,4,29
135,14,4,4,28
136,15,5,4,27
137,16,6,4,27
138,17,0,4,25
139,18,1,4,27
140,19,2,4,28
141,20,3,4,27
142,21,4,4,26
143,22,5,4,26
144,23,6,4,28
145,24,0,4,28
146,25,1,4,28
147,26,2,4,27
148,27,3,4,27
149,28,4,4,27
150,29,5,4,26
151,30,6,4,26
152,31,0,4,25
153,1,1,4,27
154,2,2,4,28
155,3,3,4,28
156,4,4,4,27
157,5,5,4,28
158,6,6,4,28
159,7,0,4,26
160,8,1,4,26
161,9,2,4,25
162,10,3,4,25
163,11,4,4,25
164,12,5,4,26
165,13,6,4,26
166,14,0,4,25
167,15,1,4,24
168,16,2,4,23
169,17,3,4,25
170,18,4,4,25
171,19,5,4,25
172,20,6,4,25
173,21,0,4,25
174,22,1,4,25
175,23,2,4,25
176,24,3,4,25
177,25,4,4,25
178,26,5,4,25
179,27,6,4,25
180,28,0,4,24
181,29,1,4,24
182,30,2,4,26
183,1,3,4,27
184,2,4,4,26
185,3,5,4,26
186,4,6,4,26
187,5,0,4,25
188,6,1,4,25
189,7,2,4,25
190,8,3,4,26
191,9,4,4,25
192,10,5,4,24
193,11,6,4,24
194,12,0,4,25
195,13,1,4,24
196,14,2,4,24
197,15,3,4,24
198,16,4,4,26
199,17,5,4,26
200,18,6,4,25
201,19,0,4,25
202,20,1,4,25
203,21,2,4,25
204,22,3,4,24
205,23,4,4,24
206,24,5,4,25
207,25,6,4,25
208,26,0,4,25
209,27,1,4,23
210,28,2,4,25
211,29,3,4,25
212,30,4,4,24
213,31,5,4,23
214,1,6,4,24
215,2,0,4,24
216,3,1,4,25
217,4,2,4,24
218,5,3,4,25
219,6,4,4,25
220,7,5,4,25
221,8,6,4,25
222,9,0,4,24
223,10,1,4,25
224,11,2,4,25
225,12,3,4,25
226,13,4,4,25
227,14,5,4,25
228,15,6,4,24
229,16,0,4,25
230,17,1,4,25
231,18,2,4,25
232,19,3,4,25
233,20,4,4,24
234,21,5,4,25
235,22,6,4,25
236,23,0,4,25
237,24,1,4,25
238,25,2,4,26
239,26,3,4,25
240,27,4,4,25
241,28,5,4,26
242,29,6,4,25
243,30,0,4,25
244,31,1,4,25
245,1,2,4,25
246,2,3,4,24
247,3,4,4,24
248,4,5,4,24
249,5,6,4,24
250,6,0,4,25
251,7,1,4,24
252,8,2,4,24
253,9,3,4,24
254,10,4,4,24
255,11,5,4,24
256,12,6,4,25
257,13,0,4,25
258,14,1,4,25
259,15,2,4,25
260,16,3,4,25
261,17,4,4,25
262,18,5,4,26
263,19,6,4,25
264,20,0,4,24
265,21,1,4,24
266,22,2,4,24
267,23,3,4,24
268,24,4,4,25
269,25,5,4,25
270,26,6,4,25
271,27,0,4,25
272,28,1,4,23
273,29,2,4,23
274,30,3,4,24
275,1,4,4,24
276,2,5,4,22
277,3,6,4,21
278,4,0,4,23
279,5,1,4,23
280,6,2,4,23
281,7,3,4,23
282,8,4,4,24
283,9,5,4,24
284,10,6,4,24
285,11,0,4,23
286,12,1,4,23
287,13,2,4,23
288,14,3,4,23
289,15,4,4,23
290,16,5,4,23
291,17,6,4,23
292,18,0,4,23
293,19,1,4,24
294,20,2,4,24
295,21,3,4,24
296,22,4,4,24
297,23,5,4,23
298,24,6,4,24
299,25,0,4,24
300,26,1,4,22
301,27,2,4,22
302,28,3,4,23
303,29,4,4,24
304,30,5,4,24
305,31,6,4,24
306,1,0,4,24
307,2,1,4,23
308,3,2,4,23
309,4,3,4,23
310,5,4,4,24
311,6,5,4,24
312,7,6,4,24
313,8,0,4,24
314,9,1,4,25
315,10,2,4,26
316,11,3,4,26
317,12,4,4,26
318,13,5,4,25
319,14,6,4,25
320,15,0,4,26
321,16,1,4,24
322,17,2,4,22
323,18,3,4,22
324,19,4,4,22
325,20,5,4,23
326,21,6,4,22
327,22,0,4,20
328,23,1,4,21
329,24,2,4,23
330,25,3,4,23
331,26,4,4,23
332,27,5,4,20
333,28,6,4,22
334,29,0,4,23
335,30,1,4,23
336,1,2,4,22
337,2,3,4,23
338,3,4,4,22
339,4,5,4,22
340,5,6,4,20
341,6,0,4,20
342,7,1,4,20
343,8,2,4,18
344,9,3,4,18
345,10,4,4,19
346,11,5,4,20
347,12,6,4,21
348,13,0,4,19
349,14,1,4,19
350,15,2,4,19
351,16,3,4,21
352,17,4,4,22
353,18,5,4,22
354,19,6,4,21
355,20,0,4,22
356,21,1,4,23
357,22,2,4,23
358,23,3,4,22
359,24,4,4,22
360,25,5,4,22
361,26,6,4,22
362,27,0,4,22
363,28,1,4,21
364,29,2,4,20
365,30,3,4,22
366,31,4,4,17
1,1,5,5,15
2,2,6,5,16
3,3,0,5,20
4,4,1,5,20
5,5,2,5,20
6,6,3,5,20
7,7,4,5,21
8,8,5,5,22
9,9,6,5,22
10,10,0,5,21
11,11,1,5,22
12,12,2,5,23
13,13,3,5,23
14,14,4,5,19
15,15,5,5,18
16,16,6,5,19
17,17,0,5,21
18,18,1,5,24
19,19,2,5,25
20,20,3,5,25
21,21,4,5,24
22,22,5,5,25
23,23,6,5,25
24,24,0,5,26
25,25,1,5,26
26,26,2,5,26
27,27,3,5,26
28,28,4,5,26
29,29,5,5,27
30,30,6,5,27
31,31,0,5,27
32,1,1,5,27
33,2,2,5,27
34,3,3,5,28
35,4,4,5,28
36,5,5,5,28
37,6,6,5,28
38,7,0,5,29
39,8,1,5,30
40,9,2,5,29
41,10,3,5,29
42,11,4,5,27
43,12,5,5,26
44,13,6,5,27
45,14,0,5,28
46,15,1,5,28
47,16,2,5,28
48,17,3,5,28
49,18,4,5,29
50,19,5,5,26
51,20,6,5,23
52,21,0,5,24
53,22,1,5,26
54,23,2,5,28
55,24,3,5,29
56,25,4,5,28
57,26,5,5,29
58,27,6,5,29
59,28,0,5,29
60,1,1,5,29
61,2,2,5,30
62,3,3,5,26
63,4,4,5,22
64,5,5,5,19
65,6,6,5,20
66,7,0,5,23
67,8,1,5,26
68,9,2,5,28
69,10,3,5,28
70,11,4,5,29
71,12,5,5,30
72,13,6,5,28
73,14,0,5,22
74,15,1,5,27
75,16,2,5,28
76,17,3,5,29
77,18,4,5,29
78,19,5,5,28
79,20,6,5,28
80,21,0,5,30
81,22,1,5,31
82,23,2,5,32
83,24,3,5,28
84,25,4,5,23
85,26,5,5,26
86,27,6,5,28
87,28,0,5,30
88,29,1,5,31
89,30,2,5,31
90,31,3,5,32
91,1,4,5,31
92,2,5,5,29
93,3,6,5,26
94,4,0,5,24
95,5,1,5,24
96,6,2,5,27
97,7,3,5,29
98,8,4,5,29
99,9,5,5,30
100,10,6,5,30
101,11,0,5,30
102,12,1,5,31
103,13,2,5,26
104,14,3,5,24
105,15,4,5,27
106,16,5,5,28
107,17,6,5,28
108,18,0,5,29
109,19,1,5,28
110,20,2,5,29
111,21,3,5,29
112,22,4,5,29
113,23,5,5,30
114,24,6,5,29
115,25,0,5,30
116,26,1,5,31
117,27,2,5,30
118,28,3,5,31
119,29,4,5,31
120,30,5,5,31
121,1,6,5,29
122,2,0,5,29
123,3,1,5,31
124,4,2,5,30
125,5,3,5,29
126,6,4,5,31
127,7,5,5,31
128,8,6,5,27
129,9,0,5,29
130,10,1,5,31
131,11,2,5,30
132,12,3,5,28
133,13,4,5,27
134,14,5,5,28
135,15,6,5,28
136,16,0,5,28
137,17,1,5,28
138,18,2,5,28
139,19,3,5,27
140,20,4,5,27
141,21,5,5,28
142,22,6,5,26
143,23,0,5,26
144,24,1,5,27
145,25,2,5,28
146,26,3,5,29
147,27,4,5,29
148,28,5,5,29
149,29,6,5,27
150,30,0,5,26
151,31,1,5,26
152,1,2,5,26
153,2,3,5,27
154,3,4,5,27
155,4,5,5,28
156,5,6,5,27
157,6,0,5,28
158,7,1,5,29
159,8,2,5,27
160,9,3,5,26
161,10,4,5,27
162,11,5,5,28
163,12,6,5,28
164,13,0,5,28
165,14,1,5,26
166,15,2,5,27
167,16,3,5,27
168,17,4,5,26
169,18,5,5,26
170,19,6,5,26
171,20,0,5,26
172,21,1,5,26
173,22,2,5,26
174,23,3,5,26
175,24,4,5,25
176,25,5,5,25
177,26,6,5,25
178,27,0,5,26
179,28,1,5,25
180,29,2,5,26
181,30,3,5,26
182,1,4,5,25
183,2,5,5,26
184,3,6,5,27
185,4,0,5,25
186,5,1,5,25
187,6,2,5,26
188,7,3,5,25
189,8,4,5,26
190,9,5,5,25
191,10,6,5,26
192,11,0,5,27
193,12,1,5,26
194,13,2,5,25
195,14,3,5,26
196,15,4,5,27
197,16,5,5,28
198,17,6,5,28
199,18,0,5,27
200,19,1,5,27
201,20,2,5,26
202,21,3,5,25
203,22,4,5,26
204,23,5,5,25
205,24,6,5,25
206,25,0,5,24
207,26,1,5,25
208,27,2,5,26
209,28,3,5,26
210,29,4,5,26
211,30,5,5,25
212,31,6,5,26
213,1,0,5,26
214,2,1,5,25
215,3,2,5,26
216,4,3,5,27
217,5,4,5,25
218,6,5,5,26
219,7,6,5,26
220,8,0,5,26
221,9,1,5,25
222,10,2,5,26
223,11,3,5,25
224,12,4,5,26
225,13,5,5,25
226,14,6,5,26
227,15,0,5,25
228,16,1,5,26
229,17,2,5,25
230,18,3,5,25
231,19,4,5,26
232,20,5,5,26
233,21,6,5,25
234,22,0,5,25
235,23,1,5,25
236,24,2,5,26
237,25,3,5,27
238,26,4,5,26
239,27,5,5,26
240,28,6,5,26
241,29,0,5,25
242,30,1,5,26
243,31,2,5,25
244,1,3,5,25
245,2,4,5,25
246,3,5,5,25
247,4,6,5,26
248,5,0,5,25
249,6,1,5,25
250,7,2,5,25
251,8,3,5,24
252,9,4,5,24
253,10,5,5,24
254,11,6,5,25
255,12,0,5,25
256,13,1,5,25
257,14,2,5,24
258,15,3,5,25
259,16,4,5,25
260,17,5,5,25
261,18,6,5,26
262,19,0,5,25
263,20,1,5,25
264,21,2,5,24
265,22,3,5,25
266,23,4,5,25
267,24,5,5,26
268,25,6,5,26
269,26,0,5,26
270,27,1,5,25
271,28,2,5,24
272,29,3,5,25
273,30,4,5,25
274,1,5,5,25
275,2,6,5,26
276,3,0,5,26
277,4,1,5,25
278,5,2,5,25
279,6,3,5,25
280,7,4,5,25
281,8,5,5,24
282,9,6,5,23
283,10,0,5,23
284,11,1,5,24
285,12,2,5,24
286,13,3,5,25
287,14,4,5,25
288,15,5,5,24
289,16,6,5,23
290,17,0,5,23
291,18,1,5,24
292,19,2,5,24
293,20,3,5,24
294,21,4,5,23
295,22,5,5,22
296,23,6,5,23
297,24,0,5,22
298,25,1,5,23
299,26,2,5,24
300,27,3,5,24
301,28,4,5,24
302,29,5,5,24
303,30,6,5,22
304,31,0,5,20
305,1,1,5,22
306,2,2,5,24
307,3,3,5,24
308,4,4,5,24
309,5,5,5,24
310,6,6,5,25
311,7,0,5,25
312,8,1,5,24
313,9,2,5,25
314,10,3,5,25
315,11,4,5,25
316,12,5,5,25
317,13,6,5,26
318,14,0,5,26
319,15,1,5,24
320,16,2,5,23
321,17,3,5,24
322,18,4,5,23
323,19,5,5,20
324,20,6,5,18
325,21,0,5,18
326,22,1,5,18
327,23,2,5,18
328,24,3,5,19
329,25,4,5,20
330,26,5,5,22
331,27,6,5,22
332,28,0,5,23
333,29,1,5,23
334,30,2,5,23
335,1,3,5,23
336,2,4,5,24
337,3,5,5,25
338,4,6,5,24
339,5,0,5,22
340,6,1,5,19
341,7,2,5,16
342,8,3,5,18
343,9,4,5,20
344,10,5,5,22
345,11,6,5,23
346,12,0,5,20
347,13,1,5,18
348,14,2,5,18
349,15,3,5,17
350,16,4,5,17
351,17,5,5,18
352,18,6,5,16
353,19,0,5,16
354,20,1,5,18
355,21,2,5,16
356,22,3,5,15
357,23,4,5,16
358,24,5,5,20
359,25,6,5,22
360,26,0,5,23
361,27,1,5,23
362,28,2,5,22
363,29,3,5,21
364,30,4,5,21
365,31,5,5,22
1,1,6,6,23
2,2,0,6,23
3,3,1,6,23
4,4,2,6,25
5,5,3,6,25
6,6,4,6,22
7,7,5,6,18
8,8,6,6,18
9,9,0,6,17
10,10,1,6,18
11,11,2,6,20
12,12,3,6,23
13,13,4,6,25
14,14,5,6,25
15,15,6,6,25
16,16,0,6,24
17,17,1,6,24
18,18,2,6,24
19,19,3,6,23
20,20,4,6,24
21,21,5,6,23
22,22,6,6,22
23,23,0,6,20
24,24,1,6,18
25,25,2,6,19
26,26,3,6,18
27,27,4,6,19
28,28,5,6,22
29,29,6,6,24
30,30,0,6,24
31,31,1,6,25
32,1,2,6,25
33,2,3,6,26
34,3,4,6,26
35,4,5,6,24
36,5,6,6,23
37,6,0,6,23
38,7,1,6,24
39,8,2,6,23
40,9,3,6,23
41,10,4,6,24
42,11,5,6,24
43,12,6,6,22
44,13,0,6,23
45,14,1,6,25
46,15,2,6,27
47,16,3,6,27
48,17,4,6,27
49,18,5,6,21
50,19,6,6,25
51,20,0,6,24
52,21,1,6,26
53,22,2,6,27
54,23,3,6,26
55,24,4,6,26
56,25,5,6,27
57,26,6,6,28
58,27,0,6,29
59,28,1,6,29
60,1,2,6,25
61,2,3,6,23
62,3,4,6,24
63,4,5,6,26
64,5,6,6,28
65,6,0,6,29
66,7,1,6,30
67,8,2,6,30
68,9,3,6,31
69,10,4,6,30
70,11,5,6,30
71,12,6,6,31
72,13,0,6,27
73,14,1,6,21
74,15,2,6,24
75,16,3,6,28
76,17,4,6,30
77,18,5,6,29
78,19,6,6,29
79,20,0,6,28
80,21,1,6,29
81,22,2,6,29
82,23,3,6,29
83,24,4,6,29
84,25,5,6,30
85,26,6,6,30
86,27,0,6,30
87,28,1,6,29
88,29,2,6,26
89,30,3,6,25
90,31,4,6,26
91,1,5,6,25
92,2,6,6,28
93,3,0,6,28
94,4,1,6,28
95,5,2,6,29
96,6,3,6,30
97,7,4,6,29
98,8,5,6,27
99,9,6,6,28
100,10,0,6,28
101,11,1,6,29
102,12,2,6,29
103,13,3,6,29
104,14,4,6,28
105,15,5,6,25
106,16,6,6,25
107,17,0,6,28
108,18,1,6,28
109,19,2,6,28
110,20,3,6,27
111,21,4,6,28
112,22,5,6,26
113,23,6,6,29
114,24,0,6,28
115,25,1,6,28
116,26,2,6,28
117,27,3,6,28
118,28,4,6,28
119,29,5,6,27
120,30,6,6,28
121,1,0,6,28
122,2,1,6,28
123,3,2,6,29
124,4,3,6,29
125,5,4,6,28
126,6,5,6,28
127,7,6,6,27
128,8,0,6,28
129,9,1,6,28
130,10,2,6,27
131,11,3,6,28
132,12,4,6,29
133,13,5,6,29
134,14,6,6,27
135,15,0,6,26
136,16,1,6,27
137,17,2,6,28
138,18,3,6,27
139,19,4,6,25
140,20,5,6,24
141,21,6,6,25
142,22,0,6,26
143,23,1,6,26
144,24,2,6,26
145,25,3,6,26
146,26,4,6,27
147,27,5,6,27
148,28,6,6,28
149,29,0,6,27
150,30,1,6,26
151,31,2,6,27
152,1,3,6,27
153,2,4,6,27
154,3,5,6,27
155,4,6,6,27
156,5,0,6,26
157,6,1,6,27
158,7,2,6,28
159,8,3,6,28
160,9,4,6,28
161,10,5,6,26
162,11,6,6,27
163,12,0,6,28
164,13,1,6,28
165,14,2,6,28
166,15,3,6,28
167,16,4,6,29
168,17,5,6,28
169,18,6,6,27
170,19,0,6,25
171,20,1,6,27
172,21,2,6,26
173,22,3,6,27
174,23,4,6,27
175,24,5,6,27
176,25,6,6,26
177,26,0,6,26
178,27,1,6,26
179,28,2,6,26
180,29,3,6,25
181,30,4,6,25
182,1,5,6,25
183,2,6,6,25
184,3,0,6,25
185,4,1,6,25
186,5,2,6,26
187,6,3,6,25
188,7,4,6,26
189,8,5,6,26
190,9,6,6,27
191,10,0,6,26
192,11,1,6,26
193,12,2,6,25
194,13,3,6,25
195,14,4,6,26
196,15,5,6,26
197,16,6,6,26
198,17,0,6,24
199,18,1,6,25
200,19,2,6,25
201,20,3,6,25
202,21,4,6,25
203,22,5,6,25
204,23,6,6,26
205,24,0,6,25
206,25,1,6,26
207,26,2,6,24
208,27,3,6,24
209,28,4,6,25
210,29,5,6,26
211,30,6,6,26
212,31,0,6,25
213,1,1,6,24
214,2,2,6,24
215,3,3,6,24
216,4,4,6,25
217,5,5,6,26
218,6,6,6,26
219,7,0,6,26
220,8,1,6,25
221,9,2,6,26
222,10,3,6,26
223,11,4,6,26
224,12,5,6,26
225,13,6,6,26
226,14,0,6,26
227,15,1,6,26
228,16,2,6,25
229,17,3,6,26
230,18,4,6,26
231,19,5,6,25
232,20,6,6,25
233,21,0,6,24
234,22,1,6,25
235,23,2,6,25
236,24,3,6,25
237,25,4,6,24
238,26,5,6,24
239,27,6,6,24
240,28,0,6,25
241,29,1,6,24
242,30,2,6,23
243,31,3,6,22
244,1,4,6,24
245,2,5,6,25
246,3,6,6,26
247,4,0,6,26
248,5,1,6,26
249,6,2,6,26
250,7,3,6,26
251,8,4,6,26
252,9,5,6,25
253,10,6,6,23
254,11,0,6,23
255,12,1,6,24
256,13,2,6,24
257,14,3,6,25
258,15,4,6,25
259,16,5,6,24
260,17,6,6,25
261,18,0,6,25
262,19,1,6,24
263,20,2,6,24
264,21,3,6,23
265,22,4,6,24
266,23,5,6,24
267,24,6,6,24
268,25,0,6,23
269,26,1,6,24
270,27,2,6,24
271,28,3,6,25
272,29,4,6,25
273,30,5,6,25
274,1,6,6,25
275,2,0,6,23
276,3,1,6,25
277,4,2,6,24
278,5,3,6,25
279,6,4,6,25
280,7,5,6,25
281,8,6,6,25
282,9,0,6,23
283,10,1,6,23
284,11,2,6,24
285,12,3,6,24
286,13,4,6,24
287,14,5,6,24
288,15,6,6,25
289,16,0,6,25
290,17,1,6,25
291,18,2,6,24
292,19,3,6,24
293,20,4,6,24
294,21,5,6,23
295,22,6,6,23
296,23,0,6,23
297,24,1,6,24
298,25,2,6,24
299,26,3,6,24
300,27,4,6,24
301,28,5,6,23
302,29,6,6,22
303,30,0,6,22
304,31,1,6,22
305,1,2,6,22
306,2,3,6,20
307,3,4,6,19
308,4,5,6,19
309,5,6,6,21
310,6,0,6,21
311,7,1,6,21
312,8,2,6,21
313,9,3,6,23
314,10,4,6,24
315,11,5,6,24
316,12,6,6,23
317,13,0,6,22
318,14,1,6,22
319,15,2,6,23
320,16,3,6,24
321,17,4,6,25
322,18,5,6,25
323,19,6,6,25
324,20,0,6,25
325,21,1,6,25
326,22,2,6,25
327,23,3,6,26
328,24,4,6,26
329,25,5,6,26
330,26,6,6,25
331,27,0,6,24
332,28,1,6,24
333,29,2,6,25
334,30,3,6,26
335,1,4,6,25
336,2,5,6,23
337,3,6,6,22
338,4,0,6,21
339,5,1,6,21
340,6,2,6,22
341,7,3,6,24
342,8,4,6,25
343,9,5,6,24
344,10,6,6,22
345,11,0,6,22
346,12,1,6,23
347,13,2,6,23
348,14,3,6,21
349,15,4,6,20
350,16,5,6,19
351,17,6,6,18
352,18,0,6,18
353,19,1,6,18
354,20,2,6,17
355,21,3,6,16
356,22,4,6,15
357,23,5,6,16
358,24,6,6,17
359,25,0,6,19
360,26,1,6,19
361,27,2,6,20
362,28,3,6,21
363,29,4,6,21
364,30,5,6,20
365,31,6,6,21
1,1,0,7,21
2,2,1,7,23
3,3,2,7,24
4,4,3,7,23
5,5,4,7,22
6,6,5,7,19
7,7,6,7,18
8,8,0,7,18
9,9,1,7,18
10,10,2,7,19
11,11,3,7,20
12,12,4,7,21
13,13,5,7,22
14,14,6,7,22
15,15,0,7,22
16,16,1,7,23
17,17,2,7,24
18,18,3,7,23
19,19,4,7,23
20,20,5,7,24
21,21,6,7,25
22,22,0,7,23
23,23,1,7,23
24,24,2,7,21
25,25,3,7,21
26,26,4,7,21
27,27,5,7,20
28,28,6,7,18
29,29,0,7,17
30,30,1,7,18
31,31,2,7,18
32,1,3,7,18
33,2,4,7,17
34,3,5,7,17
35,4,6,7,19
36,5,0,7,22
37,6,1,7,23
38,7,2,7,24
39,8,3,7,25
40,9,4,7,26
41,10,5,7,26
42,11,6,7,25
43,12,0,7,27
44,13,1,7,26
45,14,2,7,27
46,15,3,7,27
47,16,4,7,26
48,17,5,7,27
49,18,6,7,27
50,19,0,7,27
51,20,1,7,28
52,21,2,7,29
53,22,3,7,28
54,23,4,7,28
55,24,5,7,29
56,25,6,7,29
57,26,0,7,29
58,27,1,7,27
59,28,2,7,27
60,1,3,7,27
61,2,4,7,28
62,3,5,7,28
63,4,6,7,28
64,5,0,7,28
65,6,1,7,29
66,7,2,7,28
67,8,3,7,27
68,9,4,7,28
69,10,5,7,29
70,11,6,7,28
71,12,0,7,29
72,13,1,7,29
73,14,2,7,29
74,15,3,7,29
75,16,4,7,30
76,17,5,7,29
77,18,6,7,28
78,19,0,7,27
79,20,1,7,23
80,21,2,7,24
81,22,3,7,27
82,23,4,7,28
83,24,5,7,28
84,25,6,7,29
85,26,0,7,29
86,27,1,7,30
87,28,2,7,29
88,29,3,7,28
89,30,4,7,29
90,31,5,7,31
91,1,6,7,31
92,2,0,7,31
93,3,1,7,31
94,4,2,7,27
95,5,3,7,28
96,6,4,7,28
97,7,5,7,29
98,8,6,7,29
99,9,0,7,29
100,10,1,7,29
101,11,2,7,27
102,12,3,7,26
103,13,4,7,27
104,14,5,7,26
105,15,6,7,27
106,16,0,7,28
107,17,1,7,29
108,18,2,7,27
109,19,3,7,27
110,20,4,7,30
111,21,5,7,29
112,22,6,7,30
113,23,0,7,30
114,24,1,7,31
115,25,2,7,30
116,26,3,7,28
117,27,4,7,29
118,28,5,7,28
119,29,6,7,27
120,30,0,7,27
121,1,1,7,25
122,2,2,7,26
123,3,3,7,25
124,4,4,7,26
125,5,5,7,25
126,6,6,7,24
127,7,0,7,25
128,8,1,7,26
129,9,2,7,26
130,10,3,7,27
131,11,4,7,26
132,12,5,7,25
133,13,6,7,23
134,14,0,7,26
135,15,1,7,26
136,16,2,7,26
137,17,3,7,27
138,18,4,7,26
139,19,5,7,27
140,20,6,7,28
141,21,0,7,28
142,22,1,7,27
143,23,2,7,28
144,24,3,7,28
145,25,4,7,29
146,26,5,7,30
147,27,6,7,29
148,28,0,7,29
149,29,1,7,26
150,30,2,7,27
151,31,3,7,26
152,1,4,7,26
153,2,5,7,27
154,3,6,7,26
155,4,0,7,26
156,5,1,7,25
157,6,2,7,26
158,7,3,7,27
159,8,4,7,27
160,9,5,7,27
161,10,6,7,28
162,11,0,7,27
163,12,1,7,27
164,13,2,7,27
165,14,3,7,27
166,15,4,7,28
167,16,5,7,27
168,17,6,7,26
169,18,0,7,27
170,19,1,7,27
171,20,2,7,27
172,21,3,7,27
173,22,4,7,28
174,23,5,7,27
175,24,6,7,27
176,25,0,7,27
177,26,1,7,26
178,27,2,7,25
179,28,3,7,25
180,29,4,7,25
181,30,5,7,25
182,1,6,7,25
183,2,0,7,26
184,3,1,7,24
185,4,2,7,25
186,5,3,7,25
187,6,4,7,24
188,7,5,7,26
189,8,6,7,26
190,9,0,7,27
191,10,1,7,27
192,11,2,7,27
193,12,3,7,27
194,13,4,7,27
195,14,5,7,28
196,15,6,7,27
197,16,0,7,27
198,17,1,7,26
199,18,2,7,26
200,19,3,7,26
201,20,4,7,26
202,21,5,7,26
203,22,6,7,27
204,23,0,7,27
205,24,1,7,25
206,25,2,7,27
207,26,3,7,27
208,27,4,7,27
209,28,5,7,26
210,29,6,7,26
211,30,0,7,26
212,31,1,7,26
213,1,2,7,25
214,2,3,7,25
215,3,4,7,26
216,4,5,7,26
217,5,6,7,26
218,6,0,7,25
219,7,1,7,25
220,8,2,7,25
221,9,3,7,26
222,10,4,7,24
223,11,5,7,25
224,12,6,7,26
225,13,0,7,27
226,14,1,7,26
227,15,2,7,26
228,16,3,7,25
229,17,4,7,24
230,18,5,7,25
231,19,6,7,25
232,20,0,7,26
233,21,1,7,25
234,22,2,7,25
235,23,3,7,25
236,24,4,7,25
237,25,5,7,25
238,26,6,7,26
239,27,0,7,26
240,28,1,7,26
241,29,2,7,25
242,30,3,7,25
243,31,4,7,24
244,1,5,7,25
245,2,6,7,25
246,3,0,7,24
247,4,1,7,24
248,5,2,7,25
249,6,3,7,25
250,7,4,7,25
251,8,5,7,25
252,9,6,7,24
253,10,0,7,25
254,11,1,7,25
255,12,2,7,25
256,13,3,7,25
257,14,4,7,25
258,15,5,7,25
259,16,6,7,25
260,17,0,7,26
261,18,1,7,25
262,19,2,7,24
263,20,3,7,24
264,21,4,7,22
265,22,5,7,23
266,23,6,7,25
267,24,0,7,26
268,25,1,7,26
269,26,2,7,25
270,27,3,7,25
271,28,4,7,24
272,29,5,7,25
273,30,6,7,25
274,1,0,7,25
275,2,1,7,25
276,3,2,7,25
277,4,3,7,24
278,5,4,7,24
279,6,5,7,24
280,7,6,7,24
281,8,0,7,25
282,9,1,7,24
283,10,2,7,24
284,11,3,7,24
285,12,4,7,23
286,13,5,7,24
287,14,6,7,24
288,15,0,7,23
289,16,1,7,22
290,17,2,7,22
291,18,3,7,22
292,19,4,7,22
293,20,5,7,21
294,21,6,7,21
295,22,0,7,22
296,23,1,7,23
297,24,2,7,22
298,25,3,7,22
299,26,4,7,22
300,27,5,7,23
301,28,6,7,23
302,29,0,7,23
303,30,1,7,22
304,31,2,7,20
305,1,3,7,22
306,2,4,7,18
307,3,5,7,19
308,4,6,7,19
309,5,0,7,19
310,6,1,7,19
311,7,2,7,19
312,8,3,7,18
313,9,4,7,18
314,10,5,7,20
315,11,6,7,21
316,12,0,7,22
317,13,1,7,22
318,14,2,7,23
319,15,3,7,22
320,16,4,7,21
321,17,5,7,21
322,18,6,7,22
323,19,0,7,21
324,20,1,7,20
325,21,2,7,20
326,22,3,7,19
327,23,4,7,19
328,24,5,7,18
329,25,6,7,18
330,26,0,7,18
331,27,1,7,16
332,28,2,7,16
333,29,3,7,15
334,30,4,7,16
335,1,5,7,17
336,2,6,7,18
337,3,0,7,19
338,4,1,7,20
339,5,2,7,19
340,6,3,7,20
341,7,4,7,20
342,8,5,7,20
343,9,6,7,21
344,10,0,7,21
345,11,1,7,22
346,12,2,7,22
347,13,3,7,22
348,14,4,7,22
349,15,5,7,23
350,16,6,7,24
351,17,0,7,24
352,18,1,7,24
353,19,2,7,24
354,20,3,7,25
355,21,4,7,25
356,22,5,7,24
357,23,6,7,24
358,24,0,7,24
359,25,1,7,23
360,26,2,7,23
361,27,3,7,23
362,28,4,7,22
363,29,5,7,21
364,30,6,7,20
365,31,0,7,19
1,1,1,8,16
2,2,2,8,15
3,3,3,8,16
4,4,4,8,18
5,5,5,8,19
6,6,6,8,20
7,7,0,8,21
8,8,1,8,21
9,9,2,8,24
10,10,3,8,24
11,11,4,8,23
12,12,5,8,24
13,13,6,8,23
14,14,0,8,22
15,15,1,8,21
16,16,2,8,20
17,17,3,8,19
18,18,4,8,20
19,19,5,8,22
20,20,6,8,24
21,21,0,8,26
22,22,1,8,23
23,23,2,8,21
24,24,3,8,21
25,25,4,8,19
26,26,5,8,21
27,27,6,8,22
28,28,0,8,24
29,29,1,8,25
30,30,2,8,26
31,31,3,8,25
32,1,4,8,20
33,2,5,8,19
34,3,6,8,19
35,4,0,8,19
36,5,1,8,22
37,6,2,8,22
38,7,3,8,22
39,8,4,8,21
40,9,5,8,20
41,10,6,8,21
42,11,0,8,24
43,12,1,8,22
44,13,2,8,19
45,14,3,8,20
46,15,4,8,18
47,16,5,8,20
48,17,6,8,22
49,18,0,8,21
50,19,1,8,21
51,20,2,8,20
52,21,3,8,20
53,22,4,8,21
54,23,5,8,22
55,24,6,8,25
56,25,0,8,26
57,26,1,8,26
58,27,2,8,23
59,28,3,8,20
60,29,4,8,22
61,1,5,8,22
62,2,6,8,23
63,3,0,8,22
64,4,1,8,21
65,5,2,8,21
66,6,3,8,23
67,7,4,8,24
68,8,5,8,24
69,9,6,8,25
70,10,0,8,26
71,11,1,8,27
72,12,2,8,28
73,13,3,8,30
74,14,4,8,30
75,15,5,8,30
76,16,6,8,30
77,17,0,8,30
78,18,1,8,30
79,19,2,8,30
80,20,3,8,31
81,21,4,8,30
82,22,5,8,28
83,23,6,8,27
84,24,0,8,27
85,25,1,8,28
86,26,2,8,28
87,27,3,8,26
88,28,4,8,26
89,29,5,8,27
90,30,6,8,28
91,31,0,8,26
92,1,1,8,27
93,2,2,8,25
94,3,3,8,25
95,4,4,8,27
96,5,5,8,28
97,6,6,8,25
98,7,0,8,26
99,8,1,8,26
100,9,2,8,26
101,10,3,8,27
102,11,4,8,28
103,12,5,8,29
104,13,6,8,29
105,14,0,8,29
106,15,1,8,28
107,16,2,8,29
108,17,3,8,29
109,18,4,8,29
110,19,5,8,30
111,20,6,8,28
112,21,0,8,28
113,22,1,8,29
114,23,2,8,26
115,24,3,8,24
116,25,4,8,26
117,26,5,8,27
118,27,6,8,28
119,28,0,8,26
120,29,1,8,23
121,30,2,8,25
122,1,3,8,25
123,2,4,8,25
124,3,5,8,26
125,4,6,8,25
126,5,0,8,26
127,6,1,8,26
128,7,2,8,27
129,8,3,8,27
130,9,4,8,28
131,10,5,8,26
132,11,6,8,22
133,12,0,8,23
134,13,1,8,24
135,14,2,8,24
136,15,3,8,25
137,16,4,8,26
138,17,5,8,26
139,18,6,8,25
140,19,0,8,25
141,20,1,8,25
142,21,2,8,25
143,22,3,8,25
144,23,4,8,25
145,24,5,8,25
146,25,6,8,25
147,26,0,8,25
148,27,1,8,26
149,28,2,8,26
150,29,3,8,25
151,30,4,8,26
152,31,5,8,26
153,1,6,8,25
154,2,0,8,25
155,3,1,8,25
156,4,2,8,25
157,5,3,8,25
158,6,4,8,26
159,7,5,8,25
160,8,6,8,26
161,9,0,8,25
162,10,1,8,26
163,11,2,8,26
164,12,3,8,25
165,13,4,8,25
166,14,5,8,25
167,15,6,8,25
168,16,0,8,25
169,17,1,8,25
170,18,2,8,24
171,19,3,8,24
172,20,4,8,24
173,21,5,8,25
174,22,6,8,26
175,23,0,8,26
176,24,1,8,26
177,25,2,8,26
178,26,3,8,26
179,27,4,8,26
180,28,5,8,25
181,29,6,8,25
182,30,0,8,25
183,1,1,8,25
184,2,2,8,24
185,3,3,8,24
186,4,4,8,25
187,5,5,8,25
188,6,6,8,25
189,7,0,8,24
190,8,1,8,24
191,9,2,8,24
192,10,3,8,25
193,11,4,8,25
194,12,5,8,26
195,13,6,8,25
196,14,0,8,25
197,15,1,8,26
198,16,2,8,26
199,17,3,8,26
200,18,4,8,26
201,19,5,8,25
202,20,6,8,25
203,21,0,8,25
204,22,1,8,24
205,23,2,8,24
206,24,3,8,25
207,25,4,8,24
208,26,5,8,25
209,27,6,8,25
210,28,0,8,24
211,29,1,8,24
212,30,2,8,24
213,31,3,8,24
214,1,4,8,24
215,2,5,8,24
216,3,6,8,25
217,4,0,8,25
218,5,1,8,25
219,6,2,8,24
220,7,3,8,24
221,8,4,8,24
222,9,5,8,25
223,10,6,8,24
224,11,0,8,23
225,12,1,8,24
226,13,2,8,24
227,14,3,8,25
228,15,4,8,25
229,16,5,8,25
230,17,6,8,25
231,18,0,8,25
232,19,1,8,24
233,20,2,8,25
234,21,3,8,25
235,22,4,8,25
236,23,5,8,25
237,24,6,8,25
238,25,0,8,25
239,26,1,8,26
240,27,2,8,26
241,28,3,8,25
242,29,4,8,25
243,30,5,8,24
244,31,6,8,25
245,1,0,8,25
246,2,1,8,25
247,3,2,8,25
248,4,3,8,25
249,5,4,8,24
250,6,5,8,25
251,7,6,8,25
252,8,0,8,25
253,9,1,8,25
254,10,2,8,25
255,11,3,8,25
256,12,4,8,25
257,13,5,8,24
258,14,6,8,24
259,15,0,8,24
260,16,1,8,24
261,17,2,8,24
262,18,3,8,24
263,19,4,8,25
264,20,5,8,23
265,21,6,8,23
266,22,0,8,24
267,23,1,8,25
268,24,2,8,24
269,25,3,8,25
270,26,4,8,24
271,27,5,8,25
272,28,6,8,25
273,29,0,8,24
274,30,1,8,25
275,1,2,8,23
276,2,3,8,24
277,3,4,8,25
278,4,5,8,25
279,5,6,8,24
280,6,0,8,25
281,7,1,8,24
282,8,2,8,25
283,9,3,8,25
284,10,4,8,24
285,11,5,8,25
286,12,6,8,24
287,13,0,8,24
288,14,1,8,24
289,15,2,8,24
290,16,3,8,24
291,17,4,8,24
292,18,5,8,24
293,19,6,8,24
294,20,0,8,25
295,21,1,8,25
296,22,2,8,25
297,23,3,8,25
298,24,4,8,24
299,25,5,8,24
300,26,6,8,24
301,27,0,8,24
302,28,1,8,24
303,29,2,8,24
304,30,3,8,24
305,31,4,8,24
306,1,5,8,23
307,2,6,8,24
308,3,0,8,23
309,4,1,8,22
310,5,2,8,23
311,6,3,8,23
312,7,4,8,24
313,8,5,8,22
314,9,6,8,20
315,10,0,8,18
316,11,1,8,18
317,12,2,8,17
318,13,3,8,17
319,14,4,8,18
320,15,5,8,21
321,16,6,8,23
322,17,0,8,23
323,18,1,8,22
324,19,2,8,20
325,20,3,8,18
326,21,4,8,20
327,22,5,8,20
328,23,6,8,23
329,24,0,8,22
330,25,1,8,20
331,26,2,8,20
332,27,3,8,19
333,28,4,8,16
334,29,5,8,16
335,30,6,8,15
336,1,0,8,15
337,2,1,8,16
338,3,2,8,18
339,4,3,8,19
340,5,4,8,19
341,6,5,8,17
342,7,6,8,17
343,8,0,8,17
344,9,1,8,16
345,10,2,8,17
346,11,3,8,17
347,12,4,8,19
348,13,5,8,19
349,14,6,8,19
350,15,0,8,18
351,16,1,8,18
352,17,2,8,18
353,18,3,8,17
354,19,4,8,16
355,20,5,8,18
356,21,6,8,19
357,22,0,8,20
358,23,1,8,18
359,24,2,8,17
360,25,3,8,19
361,26,4,8,19
362,27,5,8,19
363,28,6,8,20
364,29,0,8,21
365,30,1,8,20
366,31,2,8,19
1,1,3,9,15
2,2,4,9,15
3,3,5,9,17
4,4,6,9,18
5,5,0,9,19
6,6,1,9,20
7,7,2,9,20
8,8,3,9,19
9,9,4,9,15
10,10,5,9,13
11,11,6,9,13
12,12,0,9,14
13,13,1,9,14
14,14,2,9,14
15,15,3,9,14
16,16,4,9,15
17,17,5,9,16
18,18,6,9,18
19,19,0,9,19
20,20,1,9,22
21,21,2,9,21
22,22,3,9,21
23,23,4,9,23
24,24,5,9,19
25,25,6,9,18
26,26,0,9,21
27,27,1,9,20
28,28,2,9,21
29,29,3,9,24
30,30,4,9,21
31,31,5,9,22
32,1,6,9,23
33,2,0,9,22
34,3,1,9,22
35,4,2,9,24
36,5,3,9,24
37,6,4,9,22
38,7,5,9,22
39,8,6,9,23
40,9,0,9,23
41,10,1,9,22
42,11,2,9,24
43,12,3,9,25
44,13,4,9,24
45,14,5,9,24
46,15,6,9,24
47,16,0,9,26
48,17,1,9,27
49,18,2,9,27
50,19,3,9,28
51,20,4,9,29
52,21,5,9,28
53,22,6,9,26
54,23,0,9,27
55,24,1,9,27
56,25,2,9,28
57,26,3,9,28
58,27,4,9,28
59,28,5,9,28
60,1,6,9,27
61,2,0,9,26
62,3,1,9,28
63,4,2,9,27
64,5,3,9,27
65,6,4,9,28
66,7,5,9,28
67,8,6,9,28
68,9,0,9,30
69,10,1,9,29
70,11,2,9,28
71,12,3,9,28
72,13,4,9,27
73,14,5,9,19
74,15,6,9,21
75,16,0,9,25
76,17,1,9,27
77,18,2,9,24
78,19,3,9,26
79,20,4,9,26
80,21,5,9,26
81,22,6,9,26
82,23,0,9,27
83,24,1,9,27
84,25,2,9,27
85,26,3,9,25
86,27,4,9,26
87,28,5,9,27
88,29,6,9,28
89,30,0,9,26
90,31,1,9,25
91,1,2,9,25
92,2,3,9,26
93,3,4,9,28
94,4,5,9,28
95,5,6,9,28
96,6,0,9,27
97,7,1,9,26
98,8,2,9,28
99,9,3,9,28
100,10,4,9,28
101,11,5,9,26
102,12,6,9,26
103,13,0,9,27
104,14,1,9,27
105,15,2,9,27
106,16,3,9,28
107,17,4,9,29
108,18,5,9,29
109,19,6,9,29
110,20,0,9,29
111,21,1,9,30
112,22,2,9,30
113,23,3,9,30
114,24,4,9,31
115,25,5,9,30
116,26,6,9,24
117,27,0,9,24
118,28,1,9,26
119,29,2,9,25
120,30,3,9,26
121,1,4,9,26
122,2,5,9,27
123,3,6,9,26
124,4,0,9,26
125,5,1,9,27
126,6,2,9,30
127,7,3,9,29
128,8,4,9,29
129,9,5,9,28
130,10,6,9,27
131,11,0,9,25
132,12,1,9,25
133,13,2,9,24
134,14,3,9,25
135,15,4,9,26
136,16,5,9,26
137,17,6,9,26
138,18,0,9,26
139,19,1,9,26
140,20,2,9,24
141,21,3,9,25
142,22,4,9,26
143,23,5,9,26
144,24,6,9,27
145,25,0,9,26
146,26,1,9,26
147,27,2,9,25
148,28,3,9,26
149,29,4,9,26
150,30,5,9,26
151,31,6,9,26
152,1,0,9,26
153,2,1,9,26
154,3,2,9,26
155,4,3,9,25
156,5,4,9,24
157,6,5,9,25
158,7,6,9,26
159,8,0,9,26
160,9,1,9,26
161,10,2,9,26
162,11,3,9,26
163,12,4,9,26
164,13,5,9,26
165,14,6,9,26
166,15,0,9,27
167,16,1,9,25
168,17,2,9,25
169,18,3,9,26
170,19,4,9,26
171,20,5,9,26
172,21,6,9,26
173,22,0,9,25
174,23,1,9,25
175,24,2,9,27
176,25,3,9,26
177,26,4,9,25
178,27,5,9,25
179,28,6,9,25
180,29,0,9,25
181,30,1,9,24
182,1,2,9,24
183,2,3,9,25
184,3,4,9,26
185,4,5,9,26
186,5,6,9,24
187,6,0,9,24
188,7,1,9,25
189,8,2,9,24
190,9,3,9,26
191,10,4,9,27
192,11,5,9,28
193,12,6,9,26
194,13,0,9,25
195,14,1,9,25
196,15,2,9,26
197,16,3,9,25
198,17,4,9,25
199,18,5,9,25
200,19,6,9,26
201,20,0,9,25
202,21,1,9,25
203,22,2,9,25
204,23,3,9,25
205,24,4,9,26
206,25,5,9,26
207,26,6,9,26
208,27,0,9,26
209,28,1,9,26
210,29,2,9,25
211,30,3,9,24
212,31,4,9,25
213,1,5,9,25
214,2,6,9,25
215,3,0,9,26
216,4,1,9,26
217,5,2,9,27
218,6,3,9,27
219,7,4,9,26
220,8,5,9,25
221,9,6,9,25
222,10,0,9,26
223,11,1,9,26
224,12,2,9,26
225,13,3,9,26
226,14,4,9,25
227,15,5,9,25
228,16,6,9,25
229,17,0,9,26
230,18,1,9,26
231,19,2,9,27
232,20,3,9,26
233,21,4,9,27
234,22,5,9,26
235,23,6,9,26
236,24,0,9,26
237,25,1,9,26
238,26,2,9,26
239,27,3,9,26
240,28,4,9,26
241,29,5,9,25
242,30,6,9,25
243,31,0,9,25
244,1,1,9,25
245,2,2,9,25
246,3,3,9,25
247,4,4,9,25
248,5,5,9,25
249,6,6,9,25
250,7,0,9,25
251,8,1,9,25
252,9,2,9,26
253,10,3,9,27
254,11,4,9,27
255,12,5,9,26
256,13,6,9,26
257,14,0,9,25
258,15,1,9,25
259,16,2,9,24
260,17,3,9,25
261,18,4,9,25
262,19,5,9,26
263,20,6,9,26
264,21,0,9,26
265,22,1,9,25
266,23,2,9,25
267,24,3,9,24
268,25,4,9,24
269,26,5,9,24
270,27,6,9,24
271,28,0,9,25
272,29,1,9,26
273,30,2,9,23
274,1,3,9,24
275,2,4,9,25
276,3,5,9,25
277,4,6,9,25
278,5,0,9,25
279,6,1,9,25
280,7,2,9,26
281,8,3,9,25
282,9,4,9,26
283,10,5,9,26
284,11,6,9,24
285,12,0,9,24
286,13,1,9,24
287,14,2,9,25
288,15,3,9,24
289,16,4,9,24
290,17,5,9,25
291,18,6,9,25
292,19,0,9,25
293,20,1,9,25
294,21,2,9,25
295,22,3,9,23
296,23,4,9,24
297,24,5,9,25
298,25,6,9,26
299,26,0,9,25
300,27,1,9,24
301,28,2,9,23
302,29,3,9,23
303,30,4,9,23
304,31,5,9,22
305,1,6,9,22
306,2,0,9,21
307,3,1,9,19
308,4,2,9,19
309,5,3,9,21
310,6,4,9,22
311,7,5,9,23
312,8,6,9,25
313,9,0,9,25
314,10,1,9,26
315,11,2,9,25
316,12,3,9,26
317,13,4,9,26
318,14,5,9,24
319,15,6,9,25
320,16,0,9,26
321,17,1,9,18
322,18,2,9,17
323,19,3,9,19
324,20,4,9,18
325,21,5,9,16
326,22,6,9,16
327,23,0,9,18
328,24,1,9,20
329,25,2,9,21
330,26,3,9,21
331,27,4,9,22
332,28,5,9,22
333,29,6,9,22
334,30,0,9,21
335,1,1,9,21
336,2,2,9,20
337,3,3,9,20
338,4,4,9,19
339,5,5,9,19
340,6,6,9,20
341,7,0,9,22
342,8,1,9,22
343,9,2,9,22
344,10,3,9,23
345,11,4,9,23
346,12,5,9,23
347,13,6,9,22
348,14,0,9,24
349,15,1,9,26
350,16,2,9,25
351,17,3,9,23
352,18,4,9,21
353,19,5,9,21
354,20,6,9,20
355,21,0,9,19
356,22,1,9,20
357,23,2,9,22
358,24,3,9,23
359,25,4,9,25
360,26,5,9,25
361,27,6,9,25
362,28,0,9,23
363,29,1,9,23
364,30,2,9,25
365,31,3,9,26
1,1,4,10,25
2,2,5,10,26
3,3,6,10,26
4,4,0,10,25
5,5,1,10,25
6,6,2,10,26
7,7,3,10,23
8,8,4,10,21
9,9,5,10,22
10,10,6,10,24
11,11,0,10,24
12,12,1,10,23
13,13,2,10,20
14,14,3,10,19
15,15,4,10,21
16,16,5,10,22
17,17,6,10,20
18,18,0,10,19
19,19,1,10,21
20,20,2,10,23
21,21,3,10,22
22,22,4,10,23
23,23,5,10,24
24,24,6,10,22
25,25,0,10,23
26,26,1,10,22
27,27,2,10,23
28,28,3,10,25
29,29,4,10,26
30,30,5,10,27
31,31,6,10,26
32,1,0,10,26
33,2,1,10,26
34,3,2,10,26
35,4,3,10,27
36,5,4,10,27
37,6,5,10,26
38,7,6,10,27
39,8,0,10,27
40,9,1,10,27
41,10,2,10,28
42,11,3,10,28
43,12,4,10,28
44,13,5,10,26
45,14,6,10,28
46,15,0,10,28
47,16,1,10,27
48,17,2,10,25
49,18,3,10,23
50,19,4,10,23
51,20,5,10,20
52,21,6,10,24
53,22,0,10,26
54,23,1,10,27
55,24,2,10,27
56,25,3,10,26
57,26,4,10,26
58,27,5,10,27
59,28,6,10,28
60,1,0,10,28
61,2,1,10,29
62,3,2,10,29
63,4,3,10,28
64,5,4,10,27
65,6,5,10,27
66,7,6,10,28
67,8,0,10,29
68,9,1,10,28
69,10,2,10,22
70,11,3,10,21
71,12,4,10,27
72,13,5,10,28
73,14,6,10,29
74,15,0,10,30
75,16,1,10,31
76,17,2,10,28
77,18,3,10,27
78,19,4,10,28
79,20,5,10,30
80,21,6,10,30
81,22,0,10,30
82,23,1,10,30
83,24,2,10,30
84,25,3,10,30
85,26,4,10,24
86,27,5,10,24
87,28,6,10,26
88,29,0,10,28
89,30,1,10,29
90,31,2,10,30
91,1,3,10,31
92,2,4,10,32
93,3,5,10,32
94,4,6,10,32
95,5,0,10,32
96,6,1,10,32
97,7,2,10,32
98,8,3,10,32
99,9,4,10,32
100,10,5,10,32
101,11,6,10,32
102,12,0,10,32
103,13,1,10,32
104,14,2,10,33
105,15,3,10,34
106,16,4,10,28
107,17,5,10,25
108,18,6,10,28
109,19,0,10,29
110,20,1,10,30
111,21,2,10,31
112,22,3,10,31
113,23,4,10,29
114,24,5,10,25
115,25,6,10,29
116,26,0,10,30
117,27,1,10,27
118,28,2,10,27
119,29,3,10,28
120,30,4,10,29
121,1,5,10,28
122,2,6,10,29
123,3,0,10,29
124,4,1,10,29
125,5,2,10,29
126,6,3,10,29
127,7,4,10,30
128,8,5,10,30
129,9,6,10,30
130,10,0,10,30
131,11,1,10,30
132,12,2,10,29
133,13,3,10,30
134,14,4,10,31
135,15,5,10,30
136,16,6,10,29
137,17,0,10,30
138,18,1,10,28
139,19,2,10,29
140,20,3,10,30
141,21,4,10,30
142,22,5,10,29
143,23,6,10,27
144,24,0,10,27
145,25,1,10,28
146,26,2,10,27
147,27,3,10,28
148,28,4,10,28
149,29,5,10,26
150,30,6,10,28
151,31,0,10,27
152,1,1,10,29
153,2,2,10,29
154,3,3,10,27
155,4,4,10,27
156,5,5,10,28
157,6,6,10,27
158,7,0,10,27
159,8,1,10,27
160,9,2,10,26
161,10,3,10,27
162,11,4,10,27
163,12,5,10,26
164,13,6,10,27
165,14,0,10,27
166,15,1,10,27
167,16,2,10,27
168,17,3,10,26
169,18,4,10,27
170,19,5,10,27
171,20,6,10,28
172,21,0,10,27
173,22,1,10,26
174,23,2,10,26
175,24,3,10,27
176,25,4,10,27
177,26,5,10,26
178,27,6,10,27
179,28,0,10,26
180,29,1,10,26
181,30,2,10,27
182,1,3,10,26
183,2,4,10,26
184,3,5,10,25
185,4,6,10,26
186,5,0,10,27
187,6,1,10,27
188,7,2,10,28
189,8,3,10,28
190,9,4,10,27
191,10,5,10,26
192,11,6,10,26
193,12,0,10,26
194,13,1,10,25
195,14,2,10,26
196,15,3,10,25
197,16,4,10,25
198,17,5,10,25
199,18,6,10,24
200,19,0,10,25
201,20,1,10,26
202,21,2,10,26
203,22,3,10,25
204,23,4,10,25
205,24,5,10,25
206,25,6,10,25
207,26,0,10,26
208,27,1,10,25
209,28,2,10,26
210,29,3,10,25
211,30,4,10,25
212,31,5,10,25
213,1,6,10,25
214,2,0,10,24
215,3,1,10,24
216,4,2,10,24
217,5,3,10,24
218,6,4,10,24
219,7,5,10,25
220,8,6,10,24
221,9,0,10,25
222,10,1,10,25
223,11,2,10,25
224,12,3,10,25
225,13,4,10,25
226,14,5,10,24
227,15,6,10,25
228,16,0,10,24
229,17,1,10,24
230,18,2,10,25
231,19,3,10,26
232,20,4,10,26
233,21,5,10,25
234,22,6,10,25
235,23,0,10,25
236,24,1,10,24
237,25,2,10,24
238,26,3,10,25
239,27,4,10,25
240,28,5,10,24
241,29,6,10,23
242,30,0,10,25
243,31,1,10,25
244,1,2,10,24
245,2,3,10,24
246,3,4,10,24
247,4,5,10,25
248,5,6,10,25
249,6,0,10,25
250,7,1,10,25
251,8,2,10,25
252,9,3,10,25
253,10,4,10,24
254,11,5,10,24
255,12,6,10,25
256,13,0,10,24
257,14,1,10,24
258,15,2,10,24
259,16,3,10,25
260,17,4,10,24
261,18,5,10,24
262,19,6,10,25
263,20,0,10,25
264,21,1,10,24
265,22,2,10,25
266,23,3,10,25
267,24,4,10,26
268,25,5,10,25
269,26,6,10,25
270,27,0,10,25
271,28,1,10,25
272,29,2,10,24
273,30,3,10,25
274,1,4,10,25
275,2,5,10,25
276,3,6,10,24
277,4,0,10,22
278,5,1,10,22
279,6,2,10,24
280,7,3,10,25
281,8,4,10,26
282,9,5,10,25
283,10,6,10,25
284,11,0,10,25
285,12,1,10,25
286,13,2,10,24
287,14,3,10,24
288,15,4,10,24
289,16,5,10,23
290,17,6,10,23
291,18,0,10,24
292,19,1,10,23
293,20,2,10,23
294,21,3,10,23
295,22,4,10,23
296,23,5,10,24
297,24,6,10,26
298,25,0,10,26
299,26,1,10,24
300,27,2,10,22
301,28,3,10,20
302,29,4,10,19
303,30,5,10,17
304,31,6,10,17
305,1,0,10,18
306,2,1,10,19
307,3,2,10,19
308,4,3,10,18
309,5,4,10,18
310,6,5,10,19
311,7,6,10,20
312,8,0,10,21
313,9,1,10,20
314,10,2,10,20
315,11,3,10,19
316,12,4,10,19
317,13,5,10,21
318,14,6,10,21
319,15,0,10,23
320,16,1,10,22
321,17,2,10,21
322,18,3,10,22
323,19,4,10,22
324,20,5,10,22
325,21,6,10,24
326,22,0,10,24
327,23,1,10,23
328,24,2,10,23
329,25,3,10,22
330,26,4,10,22
331,27,5,10,21
332,28,6,10,21
333,29,0,10,22
334,30,1,10,22
335,1,2,10,21
336,2,3,10,21
337,3,4,10,20
338,4,5,10,20
339,5,6,10,21
340,6,0,10,23
341,7,1,10,22
342,8,2,10,18
343,9,3,10,19
344,10,4,10,21
345,11,5,10,23
346,12,6,10,23
347,13,0,10,24
348,14,1,10,24
349,15,2,10,25
350,16,3,10,18
351,17,4,10,13
352,18,5,10,16
353,19,6,10,20
354,20,0,10,21
355,21,1,10,22
356,22,2,10,22
357,23,3,10,22
358,24,4,10,23
359,25,5,10,23
360,26,6,10,18
361,27,0,10,16
362,28,1,10,17
363,29,2,10,18
364,30,3,10,18
365,31,4,10,18
1,1,5,11,18
2,2,6,11,19
3,3,0,11,21
4,4,1,11,20
5,5,2,11,20
6,6,3,11,21
7,7,4,11,17
8,8,5,11,17
9,9,6,11,19
10,10,0,11,18
11,11,1,11,17
12,12,2,11,15
13,13,3,11,17
14,14,4,11,18
15,15,5,11,18
16,16,6,11,15
17,17,0,11,16
18,18,1,11,19
19,19,2,11,19
20,20,3,11,20
21,21,4,11,19
22,22,5,11,19
23,23,6,11,21
24,24,0,11,20
25,25,1,11,19
26,26,2,11,19
27,27,3,11,20
28,28,4,11,19
29,29,5,11,18
30,30,6,11,17
31,31,0,11,18
32,1,1,11,18
33,2,2,11,19
34,3,3,11,20
35,4,4,11,21
36,5,5,11,22
37,6,6,11,23
38,7,0,11,24
39,8,1,11,23
40,9,2,11,24
41,10,3,11,24
42,11,4,11,25
43,12,5,11,25
44,13,6,11,25
45,14,0,11,23
46,15,1,11,22
47,16,2,11,22
48,17,3,11,25
49,18,4,11,26
50,19,5,11,27
51,20,6,11,27
52,21,0,11,25
53,22,1,11,25
54,23,2,11,26
55,24,3,11,26
56,25,4,11,26
57,26,5,11,26
58,27,6,11,26
59,28,0,11,27
60,1,1,11,28
61,2,2,11,27
62,3,3,11,26
63,4,4,11,26
64,5,5,11,27
65,6,6,11,28
66,7,0,11,29
67,8,1,11,25
68,9,2,11,24
69,10,3,11,25
70,11,4,11,25
71,12,5,11,25
72,13,6,11,26
73,14,0,11,27
74,15,1,11,24
75,16,2,11,16
76,17,3,11,13
77,18,4,11,18
78,19,5,11,23
79,20,6,11,27
80,21,0,11,27
81,22,1,11,29
82,23,2,11,21
83,24,3,11,23
84,25,4,11,23
85,26,5,11,21
86,27,6,11,18
87,28,0,11,17
88,29,1,11,17
89,30,2,11,18
90,31,3,11,21
91,1,4,11,26
92,2,5,11,28
93,3,6,11,28
94,4,0,11,25
95,5,1,11,26
96,6,2,11,27
97,7,3,11,27
98,8,4,11,27
99,9,5,11,27
100,10,6,11,26
101,11,0,11,27
102,12,1,11,27
103,13,2,11,27
104,14,3,11,28
105,15,4,11,28
106,16,5,11,29
107,17,6,11,28
108,18,0,11,30
109,19,1,11,26
110,20,2,11,28
111,21,3,11,29
112,22,4,11,29
113,23,5,11,26
114,24,6,11,27
115,25,0,11,28
116,26,1,11,26
117,27,2,11,27
118,28,3,11,26
119,29,4,11,26
120,30,5,11,26
121,1,6,11,26
122,2,0,11,27
123,3,1,11,28
124,4,2,11,27
125,5,3,11,27
126,6,4,11,26
127,7,5,11,27
128,8,6,11,25
129,9,0,11,25
130,10,1,11,25
131,11,2,11,26
132,12,3,11,26
133,13,4,11,26
134,14,5,11,25
135,15,6,11,26
136,16,0,11,27
137,17,1,11,26
138,18,2,11,25
139,19,3,11,25
140,20,4,11,26
141,21,5,11,27
142,22,6,11,27
143,23,0,11,28
144,24,1,11,27
145,25,2,11,26
146,26,3,11,26
147,27,4,11,26
148,28,5,11,26
149,29,6,11,27
150,30,0,11,27
151,31,1,11,27
152,1,2,11,27
153,2,3,11,26
154,3,4,11,26
155,4,5,11,26
156,5,6,11,25
157,6,0,11,25
158,7,1,11,25
159,8,2,11,25
160,9,3,11,25
161,10,4,11,25
162,11,5,11,25
163,12,6,11,26
164,13,0,11,25
165,14,1,11,24
166,15,2,11,25
167,16,3,11,24
168,17,4,11,25
169,18,5,11,25
170,19,6,11,24
171,20,0,11,24
172,21,1,11,24
173,22,2,11,24
174,23,3,11,24
175,24,4,11,25
176,25,5,11,24
177,26,6,11,25
178,27,0,11,25
179,28,1,11,25
180,29,2,11,25
181,30,3,11,25
182,1,4,11,24
183,2,5,11,24
184,3,6,11,25
185,4,0,11,25
186,5,1,11,26
187,6,2,11,26
188,7,3,11,27
189,8,4,11,27
190,9,5,11,26
191,10,6,11,26
192,11,0,11,25
193,12,1,11,25
194,13,2,11,25
195,14,3,11,25
196,15,4,11,24
197,16,5,11,25
198,17,6,11,25
199,18,0,11,25
200,19,1,11,25
201,20,2,11,25
202,21,3,11,24
203,22,4,11,24
204,23,5,11,25
205,24,6,11,25
206,25,0,11,24
207,26,1,11,25
208,27,2,11,25
209,28,3,11,25
210,29,4,11,25
211,30,5,11,24
212,31,6,11,23
213,1,0,11,24
214,2,1,11,25
215,3,2,11,25
216,4,3,11,26
217,5,4,11,26
218,6,5,11,26
219,7,6,11,25
220,8,0,11,25
221,9,1,11,25
222,10,2,11,24
223,11,3,11,25
224,12,4,11,25
225,13,5,11,26
226,14,6,11,26
227,15,0,11,25
228,16,1,11,24
229,17,2,11,24
230,18,3,11,24
231,19,4,11,23
232,20,5,11,24
233,21,6,11,25
234,22,0,11,25
235,23,1,11,26
236,24,2,11,26
237,25,3,11,26
238,26,4,11,26
239,27,5,11,25
240,28,6,11,26
241,29,0,11,25
242,30,1,11,24
243,31,2,11,25
244,1,3,11,25
245,2,4,11,24
246,3,5,11,25
247,4,6,11,24
248,5,0,11,24
249,6,1,11,24
250,7,2,11,24
251,8,3,11,24
252,9,4,11,24
253,10,5,11,24
254,11,6,11,25
255,12,0,11,24
256,13,1,11,24
257,14,2,11,24
258,15,3,11,24
259,16,4,11,24
260,17,5,11,24
261,18,6,11,25
262,19,0,11,25
263,20,1,11,24
264,21,2,11,24
265,22,3,11,24
266,23,4,11,24
267,24,5,11,24
268,25,6,11,25
269,26,0,11,24
270,27,1,11,24
271,28,2,11,24
272,29,3,11,25
273,30,4,11,25
274,1,5,11,24
275,2,6,11,24
276,3,0,11,22
277,4,1,11,22
278,5,2,11,22
279,6,3,11,22
280,7,4,11,22
281,8,5,11,24
282,9,6,11,24
283,10,0,11,24
284,11,1,11,25
285,12,2,11,25
286,13,3,11,24
287,14,4,11,24
288,15,5,11,24
289,16,6,11,22
290,17,0,11,20
291,18,1,11,22
292,19,2,11,23
293,20,3,11,23
294,21,4,11,23
295,22,5,11,23
296,23,6,11,24
297,24,0,11,24
298,25,1,11,24
299,26,2,11,24
300,27,3,11,23
301,28,4,11,23
302,29,5,11,23
303,30,6,11,22
304,31,0,11,22
305,1,1,11,23
306,2,2,11,22
307,3,3,11,22
308,4,4,11,22
309,5,5,11,23
310,6,6,11,23
311,7,0,11,24
312,8,1,11,24
313,9,2,11,21
314,10,3,11,19
315,11,4,11,19
316,12,5,11,20
317,13,6,11,20
318,14,0,11,21
319,15,1,11,21
320,16,2,11,22
321,17,3,11,23
322,18,4,11,24
323,19,5,11,24
324,20,6,11,22
325,21,0,11,22
326,22,1,11,23
327,23,2,11,23
328,24,3,11,21
329,25,4,11,21
330,26,5,11,22
331,27,6,11,22
332,28,0,11,22
333,29,1,11,23
334,30,2,11,22
335,1,3,11,22
336,2,4,11,18
337,3,5,11,18
338,4,6,11,19
339,5,0,11,19
340,6,1,11,21
341,7,2,11,21
342,8,3,11,21
343,9,4,11,17
344,10,5,11,16
345,11,6,11,14
346,12,0,11,14
347,13,1,11,16
348,14,2,11,18
349,15,3,11,19
350,16,4,11,18
351,17,5,11,17
352,18,6,11,18
353,19,0,11,17
354,20,1,11,18
355,21,2,11,20
356,22,3,11,20
357,23,4,11,20
358,24,5,11,18
359,25,6,11,15
360,26,0,11,15
361,27,1,11,17
362,28,2,11,20
363,29,3,11,20
364,30,4,11,20
365,31,5,11,20
1,1,6,12,20
2,2,0,12,21
3,3,1,12,23
4,4,2,12,22
5,5,3,12,17
6,6,4,12,20
7,7,5,12,20
8,8,6,12,19
9,9,0,12,17
10,10,1,12,18
11,11,2,12,19
12,12,3,12,17
13,13,4,12,19
14,14,5,12,22
15,15,6,12,23
16,16,0,12,23
17,17,1,12,24
18,18,2,12,25
19,19,3,12,24
20,20,4,12,24
21,21,5,12,24
22,22,6,12,25
23,23,0,12,21
24,24,1,12,21
25,25,2,12,21
26,26,3,12,20
27,27,4,12,22
28,28,5,12,23
29,29,6,12,24
30,30,0,12,21
31,31,1,12,21
32,1,2,12,22
33,2,3,12,24
34,3,4,12,23
35,4,5,12,22
36,5,6,12,24
37,6,0,12,25
38,7,1,12,25
39,8,2,12,24
40,9,3,12,23
41,10,4,12,26
42,11,5,12,25
43,12,6,12,23
44,13,0,12,25
45,14,1,12,27
46,15,2,12,27
47,16,3,12,28
48,17,4,12,25
49,18,5,12,23
50,19,6,12,21
51,20,0,12,21
52,21,1,12,24
53,22,2,12,26
54,23,3,12,27
55,24,4,12,27
56,25,5,12,28
57,26,6,12,28
58,27,0,12,27
59,28,1,12,27
60,29,2,12,27
61,1,3,12,27
62,2,4,12,28
63,3,5,12,28
64,4,6,12,27
65,5,0,12,28
66,6,1,12,26
67,7,2,12,28
68,8,3,12,28
69,9,4,12,28
70,10,5,12,25
71,11,6,12,20
72,12,0,12,22
73,13,1,12,23
74,14,2,12,26
75,15,3,12,26
76,16,4,12,27
77,17,5,12,27
78,18,6,12,26
79,19,0,12,28
80,20,1,12,28
81,21,2,12,27
82,22,3,12,27
83,23,4,12,29
84,24,5,12,25
85,25,6,12,23
86,26,0,12,25
87,27,1,12,26
88,28,2,12,27
89,29,3,12,29
90,30,4,12,30
91,31,5,12,27
92,1,6,12,24
93,2,0,12,27
94,3,1,12,28
95,4,2,12,26
96,5,3,12,25
97,6,4,12,26
98,7,5,12,26
99,8,6,12,26
100,9,0,12,28
101,10,1,12,28
102,11,2,12,27
103,12,3,12,28
104,13,4,12,29
105,14,5,12,28
106,15,6,12,28
107,16,0,12,28
108,17,1,12,28
109,18,2,12,27
110,19,3,12,28
111,20,4,12,29
112,21,5,12,30
113,22,6,12,29
114,23,0,12,30
115,24,1,12,30
116,25,2,12,31
117,26,3,12,30
118,27,4,12,28
119,28,5,12,27
120,29,6,12,27
121,30,0,12,29
122,1,1,12,30
123,2,2,12,29
124,3,3,12,28
125,4,4,12,28
126,5,5,12,27
127,6,6,12,26
128,7,0,12,25
129,8,1,12,26
130,9,2,12,26
131,10,3,12,27
132,11,4,12,29
133,12,5,12,27
134,13,6,12,28
135,14,0,12,29
136,15,1,12,28
137,16,2,12,26
138,17,3,12,26
139,18,4,12,26
140,19,5,12,26
141,20,6,12,28
142,21,0,12,28
143,22,1,12,26
144,23,2,12,27
145,24,3,12,26
146,25,4,12,26
147,26,5,12,27
148,27,6,12,26
149,28,0,12,26
150,29,1,12,26
151,30,2,12,26
152,31,3,12,26
153,1,4,12,26
154,2,5,12,25
155,3,6,12,26
156,4,0,12,26
157,5,1,12,26
158,6,2,12,26
159,7,3,12,25
160,8,4,12,25
161,9,5,12,25
162,10,6,12,26
163,11,0,12,26
164,12,1,12,26
165,13,2,12,25
166,14,3,12,26
167,15,4,12,26
168,16,5,12,25
169,17,6,12,25
170,18,0,12,25
171,19,1,12,25
172,20,2,12,25
173,21,3,12,26
174,22,4,12,25
175,23,5,12,26
176,24,6,12,26
177,25,0,12,26
178,26,1,12,25
179,27,2,12,25
180,28,3,12,25
181,29,4,12,26
182,30,5,12,26
183,1,6,12,25
184,2,0,12,24
185,3,1,12,25
186,4,2,12,26
187,5,3,12,25
188,6,4,12,25
189,7,5,12,25
190,8,6,12,26
191,9,0,12,26
192,10,1,12,26
193,11,2,12,26
194,12,3,12,26
195,13,4,12,25
196,14,5,12,26
197,15,6,12,26
198,16,0,12,26
199,17,1,12,27
200,18,2,12,26
201,19,3,12,25
202,20,4,12,26
203,21,5,12,27
204,22,6,12,27
205,23,0,12,26
206,24,1,12,25
207,25,2,12,25
208,26,3,12,25
209,27,4,12,25
210,28,5,12,25
211,29,6,12,24
212,30,0,12,24
213,31,1,12,25
214,1,2,12,25
215,2,3,12,25
216,3,4,12,24
217,4,5,12,25
218,5,6,12,26
219,6,0,12,26
220,7,1,12,24
221,8,2,12,23
222,9,3,12,24
223,10,4,12,25
224,11,5,12,25
225,12,6,12,25
226,13,0,12,26
227,14,1,12,27
228,15,2,12,25
229,16,3,12,26
230,17,4,12,25
231,18,5,12,26
232,19,6,12,26
233,20,0,12,26
234,21,1,12,25
235,22,2,12,27
236,23,3,12,24
237,24,4,12,24
238,25,5,12,25
239,26,6,12,25
240,27,0,12,24
241,28,1,12,25
242,29,2,12,25
243,30,3,12,25
244,31,4,12,24
245,1,5,12,25
246,2,6,12,24
247,3,0,12,23
248,4,1,12,25
249,5,2,12,24
250,6,3,12,24
251,7,4,12,24
252,8,5,12,24
253,9,6,12,24
254,10,0,12,25
255,11,1,12,25
256,12,2,12,24
257,13,3,12,24
258,14,4,12,24
259,15,5,12,23
260,16,6,12,23
261,17,0,12,24
262,18,1,12,25
263,19,2,12,25
264,20,3,12,26
265,21,4,12,26
266,22,5,12,26
267,23,6,12,26
268,24,0,12,25
269,25,1,12,25
270,26,2,12,25
271,27,3,12,24
272,28,4,12,25
273,29,5,12,25
274,30,6,12,24
275,1,0,12,24
276,2,1,12,24
277,3,2,12,26
278,4,3,12,26
279,5,4,12,26
280,6,5,12,24
281,7,6,12,23
282,8,0,12,24
283,9,1,12,23
284,10,2,12,24
285,11,3,12,25
286,12,4,12,25
287,13,5,12,26
288,14,6,12,26
289,15,0,12,25
290,16,1,12,26
291,17,2,12,24
292,18,3,12,24
293,19,4,12,24
294,20,5,12,25
295,21,6,12,25
296,22,0,12,24
297,23,1,12,24
298,24,2,12,25
299,25,3,12,25
300,26,4,12,25
301,27,5,12,25
302,28,6,12,26
303,29,0,12,27
304,30,1,12,26
305,31,2,12,23
306,1,3,12,22
307,2,4,12,24
308,3,5,12,25
309,4,6,12,25
310,5,0,12,26
311,6,1,12,26
312,7,2,12,26
313,8,3,12,27
314,9,4,12,26
315,10,5,12,27
316,11,6,12,27
317,12,0,12,24
318,13,1,12,25
319,14,2,12,26
320,15,3,12,25
321,16,4,12,24
322,17,5,12,23
323,18,6,12,24
324,19,0,12,25
325,20,1,12,26
326,21,2,12,27
327,22,3,12,26
328,23,4,12,27
329,24,5,12,25
330,25,6,12,24
331,26,0,12,26
332,27,1,12,24
333,28,2,12,24
334,29,3,12,25
335,30,4,12,25
336,1,5,12,26
337,2,6,12,27
338,3,0,12,26
339,4,1,12,25
340,5,2,12,26
341,6,3,12,22
342,7,4,12,24
343,8,5,12,24
344,9,6,12,24
345,10,0,12,25
346,11,1,12,26
347,12,2,12,24
348,13,3,12,24
349,14,4,12,25
350,15,5,12,26
351,16,6,12,27
352,17,0,12,27
353,18,1,12,26
354,19,2,12,23
355,20,3,12,25
356,21,4,12,26
357,22,5,12,25
358,23,6,12,21
359,24,0,12,18
360,25,1,12,20
361,26,2,12,23
362,27,3,12,24
363,28,4,12,24
364,29,5,12,25
365,30,6,12,22
366,31,0,12,17
1,1,1,13,20
2,2,2,13,22
3,3,3,13,23
4,4,4,13,21
5,5,5,13,21
6,6,6,13,22
7,7,0,13,23
8,8,1,13,24
9,9,2,13,24
10,10,3,13,22
11,11,4,13,22
12,12,5,13,22
13,13,6,13,22
14,14,0,13,24
15,15,1,13,23
16,16,2,13,24
17,17,3,13,22
18,18,4,13,21
19,19,5,13,20
20,20,6,13,22
21,21,0,13,24
22,22,1,13,25
23,23,2,13,25
24,24,3,13,27
25,25,4,13,26
26,26,5,13,25
27,27,6,13,24
28,28,0,13,19
29,29,1,13,22
30,30,2,13,23
31,31,3,13,23
32,1,4,13,24
33,2,5,13,23
34,3,6,13,23
35,4,0,13,25
36,5,1,13,27
37,6,2,13,28
38,7,3,13,27
39,8,4,13,28
40,9,5,13,27
41,10,6,13,26
42,11,0,13,26
43,12,1,13,26
44,13,2,13,24
45,14,3,13,26
46,15,4,13,28
47,16,5,13,26
48,17,6,13,27
49,18,0,13,28
50,19,1,13,28
51,20,2,13,29
52,21,3,13,27
53,22,4,13,26
54,23,5,13,24
55,24,6,13,25
56,25,0,13,28
57,26,1,13,30
58,27,2,13,32
59,28,3,13,30
60,1,4,13,30
61,2,5,13,31
62,3,6,13,26
63,4,0,13,20
64,5,1,13,23
65,6,2,13,24
66,7,3,13,26
67,8,4,13,26
68,9,5,13,28
69,10,6,13,27
70,11,0,13,28
71,12,1,13,28
72,13,2,13,29
73,14,3,13,30
74,15,4,13,28
75,16,5,13,28
76,17,6,13,29
77,18,0,13,28
78,19,1,13,29
79,20,2,13,28
80,21,3,13,30
81,22,4,13,31
82,23,5,13,31
83,24,6,13,30
84,25,0,13,30
85,26,1,13,30
86,27,2,13,30
87,28,3,13,31
88,29,4,13,31
89,30,5,13,32
90,31,6,13,32
91,1,0,13,33
92,2,1,13,33
93,3,2,13,33
94,4,3,13,32
95,5,4,13,33
96,6,5,13,34
97,7,6,13,31
98,8,0,13,31
99,9,1,13,31
100,10,2,13,32
101,11,3,13,30
102,12,4,13,28
103,13,5,13,29
104,14,6,13,32
105,15,0,13,28
106,16,1,13,27
107,17,2,13,27
108,18,3,13,29
109,19,4,13,31
110,20,5,13,31
111,21,6,13,30
112,22,0,13,29
113,23,1,13,27
114,24,2,13,28
115,25,3,13,27
116,26,4,13,28
117,27,5,13,28
118,28,6,13,28
119,29,0,13,29
120,30,1,13,30
121,1,2,13,30
122,2,3,13,31
123,3,4,13,30
124,4,5,13,28
125,5,6,13,26
126,6,0,13,28
127,7,1,13,29
128,8,2,13,28
129,9,3,13,28
130,10,4,13,28
131,11,5,13,28
132,12,6,13,29
133,13,0,13,30
134,14,1,13,31
135,15,2,13,31
136,16,3,13,32
137,17,4,13,29
138,18,5,13,27
139,19,6,13,27
140,20,0,13,27
141,21,1,13,27
142,22,2,13,27
143,23,3,13,27
144,24,4,13,27
145,25,5,13,26
146,26,6,13,27
147,27,0,13,29
148,28,1,13,28
149,29,2,13,28
150,30,3,13,25
151,31,4,13,27
152,1,5,13,28
153,2,6,13,26
154,3,0,13,25
155,4,1,13,25
156,5,2,13,25
157,6,3,13,26
158,7,4,13,27
159,8,5,13,28
160,9,6,13,28
161,10,0,13,28
162,11,1,13,25
163,12,2,13,25
164,13,3,13,24
165,14,4,13,27
166,15,5,13,28
167,16,6,13,29
168,17,0,13,29
169,18,1,13,27
170,19,2,13,26
171,20,3,13,26
172,21,4,13,27
173,22,5,13,26
174,23,6,13,25
175,24,0,13,26
176,25,1,13,26
177,26,2,13,25
178,27,3,13,26
179,28,4,13,26
180,29,5,13,27
181,30,6,13,28
182,1,0,13,29
183,2,1,13,25
184,3,2,13,26
185,4,3,13,26
186,5,4,13,27
187,6,5,13,26
188,7,6,13,25
189,8,0,13,25
190,9,1,13,24
191,10,2,13,24
192,11,3,13,24
193,12,4,13,25
194,13,5,13,25
195,14,6,13,25
196,15,0,13,26
197,16,1,13,24
198,17,2,13,25
199,18,3,13,26
200,19,4,13,25
201,20,5,13,25
202,21,6,13,25
203,22,0,13,26
204,23,1,13,25
205,24,2,13,24
206,25,3,13,24
207,26,4,13,24
208,27,5,13,25
209,28,6,13,24
210,29,0,13,24
211,30,1,13,25
212,31,2,13,25
213,1,3,13,25
214,2,4,13,25
215,3,5,13,24
216,4,6,13,24
217,5,0,13,25
218,6,1,13,25
219,7,2,13,25
220,8,3,13,24
221,9,4,13,24
222,10,5,13,25
223,11,6,13,26
224,12,0,13,26
225,13,1,13,26
226,14,2,13,25
227,15,3,13,25
228,16,4,13,25
229,17,5,13,25
230,18,6,13,25
231,19,0,13,26
232,20,1,13,25
233,21,2,13,24
234,22,3,13,24
235,23,4,13,24
236,24,5,13,24
237,25,6,13,25
238,26,0,13,26
239,27,1,13,25
240,28,2,13,26
241,29,3,13,26
242,30,4,13,24
243,31,5,13,24
244,1,6,13,25
245,2,0,13,25
246,3,1,13,26
247,4,2,13,25
248,5,3,13,25
249,6,4,13,25
250,7,5,13,24
251,8,6,13,23
252,9,0,13,24
253,10,1,13,25
254,11,2,13,25
255,12,3,13,25
256,13,4,13,24
257,14,5,13,25
258,15,6,13,25
259,16,0,13,25
260,17,1,13,24
261,18,2,13,24
262,19,3,13,24
263,20,4,13,24
264,21,5,13,24
265,22,6,13,24
266,23,0,13,26
267,24,1,13,25
268,25,2,13,24
269,26,3,13,24
270,27,4,13,23
271,28,5,13,24
272,29,6,13,24
273,30,0,13,24
274,1,1,13,23
275,2,2,13,24
276,3,3,13,24
277,4,4,13,24
278,5,5,13,24
279,6,6,13,23
280,7,0,13,23
281,8,1,13,22
282,9,2,13,22
283,10,3,13,24
284,11,4,13,24
285,12,5,13,25
286,13,6,13,25
287,14,0,13,25
288,15,1,13,24
289,16,2,13,23
290,17,3,13,23
291,18,4,13,24
292,19,5,13,23
293,20,6,13,23
294,21,0,13,23
295,22,1,13,23
296,23,2,13,23
297,24,3,13,23
298,25,4,13,21
299,26,5,13,20
300,27,6,13,20
301,28,0,13,22
302,29,1,13,23
303,30,2,13,24
304,31,3,13,24
305,1,4,13,24
306,2,5,13,23
307,3,6,13,22
308,4,0,13,21
309,5,1,13,22
310,6,2,13,23
311,7,3,13,23
312,8,4,13,24
313,9,5,13,23
314,10,6,13,24
315,11,0,13,26
316,12,1,13,27
317,13,2,13,24
318,14,3,13,23
319,15,4,13,21
320,16,5,13,21
321,17,6,13,21
322,18,0,13,22
323,19,1,13,22
324,20,2,13,21
325,21,3,13,22
326,22,4,13,23
327,23,5,13,23
328,24,6,13,24
329,25,0,13,22
330,26,1,13,23
331,27,2,13,24
332,28,3,13,21
333,29,4,13,18
334,30,5,13,19
335,1,6,13,19
336,2,0,13,18
337,3,1,13,18
338,4,2,13,19
339,5,3,13,19
340,6,4,13,20
341,7,5,13,19
342,8,6,13,19
343,9,0,13,20
344,10,1,13,20
345,11,2,13,20
346,12,3,13,21
347,13,4,13,22
348,14,5,13,22
349,15,6,13,22
350,16,0,13,16
351,17,1,13,14
352,18,2,13,14
353,19,3,13,13
354,20,4,13,13
355,21,5,13,13
356,22,6,13,13
357,23,0,13,15
358,24,1,13,15
359,25,2,13,15
360,26,3,13,15
361,27,4,13,14
362,28,5,13,14
363,29,6,13,14
364,30,0,13,15
365,31,1,13,16
1,1,2,14,16
2,2,3,14,19
3,3,4,14,22
4,4,5,14,21
5,5,6,14,20
6,6,0,14,22
7,7,1,14,24
8,8,2,14,24
9,9,3,14,21
10,10,4,14,20
11,11,5,14,20
12,12,6,14,21
13,13,0,14,19
14,14,1,14,16
15,15,2,14,15
16,16,3,14,16
17,17,4,14,18
18,18,5,14,17
19,19,6,14,15
20,20,0,14,17
21,21,1,14,16
22,22,2,14,14
23,23,3,14,14
24,24,4,14,18
25,25,5,14,20
26,26,6,14,19
27,27,0,14,20
28,28,1,14,20
29,29,2,14,21
30,30,3,14,21
31,31,4,14,21
32,1,5,14,24
33,2,6,14,24
34,3,0,14,25
35,4,1,14,25
36,5,2,14,25
37,6,3,14,25
38,7,4,14,25
39,8,5,14,25
40,9,6,14,24
41,10,0,14,25
42,11,1,14,22
43,12,2,14,23
44,13,3,14,25
45,14,4,14,20
46,15,5,14,23
47,16,6,14,25
48,17,0,14,26
49,18,1,14,27
50,19,2,14,23
51,20,3,14,17
52,21,4,14,20
53,22,5,14,25
54,23,6,14,25
55,24,0,14,26
56,25,1,14,26
57,26,2,14,27
58,27,3,14,26
59,28,4,14,26
60,1,5,14,27
61,2,6,14,27
62,3,0,14,27
63,4,1,14,27
64,5,2,14,27
65,6,3,14,27
66,7,4,14,27
67,8,5,14,28
68,9,6,14,28
69,10,0,14,27
70,11,1,14,27
71,12,2,14,28
72,13,3,14,28
73,14,4,14,29
74,15,5,14,27
75,16,6,14,27
76,17,0,14,27
77,18,1,14,28
78,19,2,14,29
79,20,3,14,29
80,21,4,14,27
81,22,5,14,22
82,23,6,14,25
83,24,0,14,27
84,25,1,14,28
85,26,2,14,30
86,27,3,14,30
87,28,4,14,30
88,29,5,14,30
89,30,6,14,30
90,31,0,14,31
91,1,1,14,31
92,2,2,14,30
93,3,3,14,30
94,4,4,14,27
95,5,5,14,26
96,6,6,14,27
97,7,0,14,28
98,8,1,14,29
99,9,2,14,29
100,10,3,14,30
101,11,4,14,29
102,12,5,14,28
103,13,6,14,29
104,14,0,14,28
105,15,1,14,27
106,16,2,14,28
107,17,3,14,28
108,18,4,14,29
109,19,5,14,29
110,20,6,14,29
111,21,0,14,30
112,22,1,14,31
113,23,2,14,30
114,24,3,14,29
115,25,4,14,28
116,26,5,14,30
117,27,6,14,31
118,28,0,14,28
119,29,1,14,26
120,30,2,14,27
121,1,3,14,28
122,2,4,14,28
123,3,5,14,27
124,4,6,14,29
125,5,0,14,29
126,6,1,14,26
127,7,2,14,26
128,8,3,14,29
129,9,4,14,29
130,10,5,14,29
131,11,6,14,30
132,12,0,14,29
133,13,1,14,28
134,14,2,14,28
135,15,3,14,30
136,16,4,14,29
137,17,5,14,28
138,18,6,14,28
139,19,0,14,28
140,20,1,14,29
141,21,2,14,29
142,22,3,14,29
143,23,4,14,30
144,24,5,14,29
145,25,6,14,31
146,26,0,14,29
147,27,1,14,28
148,28,2,14,27
149,29,3,14,27
150,30,4,14,29
151,31,5,14,29
152,1,6,14,30
153,2,0,14,29
154,3,1,14,30
155,4,2,14,30
156,5,3,14,29
157,6,4,14,27
158,7,5,14,27
159,8,6,14,27
160,9,0,14,27
161,10,1,14,28
162,11,2,14,29
163,12,3,14,27
164,13,4,14,27
165,14,5,14,26
166,15,6,14,28
167,16,0,14,27
168,17,1,14,27
169,18,2,14,26
170,19,3,14,27
171,20,4,14,28
172,21,5,14,28
173,22,6,14,28
174,23,0,14,26
175,24,1,14,27
176,25,2,14,27
177,26,3,14,27
178,27,4,14,28
179,28,5,14,28
180,29,6,14,26
181,30,0,14,25
182,1,1,14,27
183,2,2,14,28
184,3,3,14,28
185,4,4,14,28
186,5,5,14,28
187,6,6,14,28
188,7,0,14,27
189,8,1,14,27
190,9,2,14,26
191,10,3,14,26
192,11,4,14,27
193,12,5,14,27
194,13,6,14,26
195,14,0,14,25
196,15,1,14,26
197,16,2,14,25
198,17,3,14,25
199,18,4,14,25
200,19,5,14,24
201,20,6,14,25
202,21,0,14,24
203,22,1,14,26
204,23,2,14,25
205,24,3,14,26
206,25,4,14,27
207,26,5,14,28
208,27,6,14,26
209,28,0,14,25
210,29,1,14,27
211,30,2,14,27
212,31,3,14,26
213,1,4,14,26
214,2,5,14,26
215,3,6,14,26
216,4,0,14,26
217,5,1,14,25
218,6,2,14,26
219,7,3,14,26
220,8,4,14,26
221,9,5,14,26
222,10,6,14,26
223,11,0,14,26
224,12,1,14,26
225,13,2,14,26
226,14,3,14,26
227,15,4,14,25
228,16,5,14,25
229,17,6,14,27
230,18,0,14,26
231,19,1,14,26
232,20,2,14,25
233,21,3,14,25
234,22,4,14,26
235,23,5,14,26
236,24,6,14,26
237,25,0,14,27
238,26,1,14,25
239,27,2,14,24
240,28,3,14,25
241,29,4,14,24
242,30,5,14,24
243,31,6,14,25
244,1,0,14,24
245,2,1,14,24
246,3,2,14,24
247,4,3,14,24
248,5,4,14,24
249,6,5,14,25
250,7,6,14,25
251,8,0,14,25
252,9,1,14,26
253,10,2,14,25
254,11,3,14,25
255,12,4,14,25
256,13,5,14,25
257,14,6,14,25
258,15,0,14,25
259,16,1,14,25
260,17,2,14,25
261,18,3,14,25
262,19,4,14,26
263,20,5,14,25
264,21,6,14,25
265,22,0,14,25
266,23,1,14,25
267,24,2,14,25
268,25,3,14,24
269,26,4,14,25
270,27,5,14,26
271,28,6,14,27
272,29,0,14,26
273,30,1,14,25
274,1,2,14,25
275,2,3,14,26
276,3,4,14,27
277,4,5,14,26
278,5,6,14,26
279,6,0,14,23
280,7,1,14,23
281,8,2,14,24
282,9,3,14,24
283,10,4,14,25
284,11,5,14,24
285,12,6,14,23
286,13,0,14,24
287,14,1,14,23
288,15,2,14,22
289,16,3,14,23
290,17,4,14,24
291,18,5,14,24
292,19,6,14,24
293,20,0,14,24
294,21,1,14,24
295,22,2,14,25
296,23,3,14,24
297,24,4,14,23
298,25,5,14,23
299,26,6,14,24
300,27,0,14,25
301,28,1,14,24
302,29,2,14,25
303,30,3,14,25
304,31,4,14,25
305,1,5,14,25
306,2,6,14,25
307,3,0,14,24
308,4,1,14,23
309,5,2,14,24
310,6,3,14,25
311,7,4,14,25
312,8,5,14,24
313,9,6,14,23
314,10,0,14,24
315,11,1,14,25
316,12,2,14,24
317,13,3,14,23
318,14,4,14,21
319,15,5,14,23
320,16,6,14,23
321,17,0,14,23
322,18,1,14,22
323,19,2,14,20
324,20,3,14,21
325,21,4,14,22
326,22,5,14,23
327,23,6,14,23
328,24,0,14,24
329,25,1,14,24
330,26,2,14,25
331,27,3,14,26
332,28,4,14,26
333,29,5,14,26
334,30,6,14,26
335,1,0,14,24
336,2,1,14,22
337,3,2,14,23
338,4,3,14,23
339,5,4,14,21
340,6,5,14,21
341,7,6,14,24
342,8,0,14,22
343,9,1,14,22
344,10,2,14,22
345,11,3,14,22
346,12,4,14,21
347,13,5,14,19
348,14,6,14,19
349,15,0,14,21
350,16,1,14,20
351,17,2,14,16
352,18,3,14,18
353,19,4,14,19
354,20,5,14,18
355,21,6,14,20
356,22,0,14,17
357,23,1,14,18
358,24,2,14,20
359,25,3,14,22
360,26,4,14,24
361,27,5,14,24
362,28,6,14,22
363,29,0,14,19
364,30,1,14,20
365,31,2,14,20
1,1,3,15,18
2,2,4,15,17
3,3,5,15,19
4,4,6,15,22
5,5,0,15,23
6,6,1,15,25
7,7,2,15,25
8,8,3,15,22
9,9,4,15,20
10,10,5,15,20
11,11,6,15,17
12,12,0,15,17
13,13,1,15,17
14,14,2,15,16
15,15,3,15,17
16,16,4,15,18
17,17,5,15,18
18,18,6,15,19
19,19,0,15,19
20,20,1,15,20
21,21,2,15,22
22,22,3,15,22
23,23,4,15,23
24,24,5,15,24
25,25,6,15,24
26,26,0,15,24
27,27,1,15,25
28,28,2,15,25
29,29,3,15,26
30,30,4,15,25
31,31,5,15,23
32,1,6,15,22
33,2,0,15,22
34,3,1,15,23
35,4,2,15,23
36,5,3,15,23
37,6,4,15,21
38,7,5,15,22
39,8,6,15,22
40,9,0,15,21
41,10,1,15,21
42,11,2,15,25
43,12,3,15,25
44,13,4,15,25
45,14,5,15,25
46,15,6,15,25
47,16,0,15,26
48,17,1,15,24
49,18,2,15,25
50,19,3,15,24
51,20,4,15,26
52,21,5,15,26
53,22,6,15,27
54,23,0,15,26
55,24,1,15,28
56,25,2,15,28
57,26,3,15,28
58,27,4,15,28
59,28,5,15,30
60,1,6,15,30
61,2,0,15,28
62,3,1,15,28
63,4,2,15,28
64,5,3,15,29
65,6,4,15,29
66,7,5,15,29
67,8,6,15,30
68,9,0,15,30
69,10,1,15,31
70,11,2,15,30
71,12,3,15,30
72,13,4,15,28
73,14,5,15,28
74,15,6,15,28
75,16,0,15,29
76,17,1,15,29
77,18,2,15,30
78,19,3,15,30
79,20,4,15,31
80,21,5,15,31
81,22,6,15,27
82,23,0,15,29
83,24,1,15,25
84,25,2,15,26
85,26,3,15,25
86,27,4,15,25
87,28,5,15,27
88,29,6,15,27
89,30,0,15,28
90,31,1,15,28
91,1,2,15,29
92,2,3,15,29
93,3,4,15,29
94,4,5,15,30
95,5,6,15,31
96,6,0,15,32
97,7,1,15,31
98,8,2,15,29
99,9,3,15,30
100,10,4,15,30
101,11,5,15,25
102,12,6,15,27
103,13,0,15,27
104,14,1,15,24
105,15,2,15,27
106,16,3,15,31
107,17,4,15,31
108,18,5,15,31
109,19,6,15,32
110,20,0,15,32
111,21,1,15,33
112,22,2,15,30
113,23,3,15,27
114,24,4,15,26
115,25,5,15,27
116,26,6,15,28
117,27,0,15,29
118,28,1,15,28
119,29,2,15,29
120,30,3,15,29
121,1,4,15,29
122,2,5,15,30
123,3,6,15,30
124,4,0,15,30
125,5,1,15,30
126,6,2,15,29
127,7,3,15,30
128,8,4,15,29
129,9,5,15,28
130,10,6,15,29
131,11,0,15,31
132,12,1,15,30
133,13,2,15,29
134,14,3,15,28
135,15,4,15,28
136,16,5,15,30
137,17,6,15,28
138,18,0,15,27
139,19,1,15,28
140,20,2,15,29
141,21,3,15,29
142,22,4,15,29
143,23,5,15,28
144,24,6,15,29
145,25,0,15,30
146,26,1,15,30
147,27,2,15,28
148,28,3,15,29
149,29,4,15,31
150,30,5,15,32
151,31,6,15,31
152,1,0,15,31
153,2,1,15,28
154,3,2,15,27
155,4,3,15,29
156,5,4,15,28
157,6,5,15,29
158,7,6,15,28
159,8,0,15,27
160,9,1,15,27
161,10,2,15,29
162,11,3,15,29
163,12,4,15,29
164,13,5,15,28
165,14,6,15,28
166,15,0,15,26
167,16,1,15,27
168,17,2,15,27
169,18,3,15,28
170,19,4,15,28
171,20,5,15,28
172,21,6,15,29
173,22,0,15,28
174,23,1,15,26
175,24,2,15,26
176,25,3,15,27
177,26,4,15,27
178,27,5,15,28
179,28,6,15,28
180,29,0,15,28
181,30,1,15,29
182,1,2,15,30
183,2,3,15,31
184,3,4,15,30
185,4,5,15,30
186,5,6,15,29
187,6,0,15,29
188,7,1,15,28
189,8,2,15,26
190,9,3,15,25
191,10,4,15,27
192,11,5,15,28
193,12,6,15,28
194,13,0,15,27
195,14,1,15,26
196,15,2,15,25
197,16,3,15,25
198,17,4,15,25
199,18,5,15,25
200,19,6,15,24
201,20,0,15,25
202,21,1,15,25
203,22,2,15,25
204,23,3,15,25
205,24,4,15,24
206,25,5,15,25
207,26,6,15,25
208,27,0,15,24
209,28,1,15,25
210,29,2,15,24
211,30,3,15,25
212,31,4,15,24
213,1,5,15,24
214,2,6,15,24
215,3,0,15,23
216,4,1,15,24
217,5,2,15,25
218,6,3,15,25
219,7,4,15,25
220,8,5,15,26
221,9,6,15,26
222,10,0,15,25
223,11,1,15,25
224,12,2,15,25
225,13,3,15,26
226,14,4,15,26
227,15,5,15,25
228,16,6,15,26
229,17,0,15,25
230,18,1,15,25
231,19,2,15,26
232,20,3,15,26
233,21,4,15,25
234,22,5,15,25
235,23,6,15,25
236,24,0,15,25
237,25,1,15,26
238,26,2,15,25
239,27,3,15,24
240,28,4,15,25
241,29,5,15,26
242,30,6,15,26
243,31,0,15,24
244,1,1,15,24
245,2,2,15,25
246,3,3,15,25
247,4,4,15,24
248,5,5,15,25
249,6,6,15,25
250,7,0,15,26
251,8,1,15,26
252,9,2,15,25
253,10,3,15,25
254,11,4,15,25
255,12,5,15,25
256,13,6,15,24
257,14,0,15,25
258,15,1,15,24
259,16,2,15,24
260,17,3,15,24
261,18,4,15,24
262,19,5,15,25
263,20,6,15,26
264,21,0,15,25
265,22,1,15,24
266,23,2,15,25
267,24,3,15,25
268,25,4,15,25
269,26,5,15,26
270,27,6,15,26
271,28,0,15,27
272,29,1,15,26
273,30,2,15,26
274,1,3,15,26
275,2,4,15,25
276,3,5,15,25
277,4,6,15,25
278,5,0,15,25
279,6,1,15,23
280,7,2,15,24
281,8,3,15,24
282,9,4,15,25
283,10,5,15,24
284,11,6,15,21
285,12,0,15,20
286,13,1,15,22
287,14,2,15,23
288,15,3,15,23
289,16,4,15,24
290,17,5,15,24
291,18,6,15,24
292,19,0,15,25
293,20,1,15,25
294,21,2,15,24
295,22,3,15,25
296,23,4,15,24
297,24,5,15,23
298,25,6,15,23
299,26,0,15,24
300,27,1,15,24
301,28,2,15,25
302,29,3,15,25
303,30,4,15,25
304,31,5,15,24
305,1,6,15,24
306,2,0,15,20
307,3,1,15,22
308,4,2,15,23
309,5,3,15,24
310,6,4,15,24
311,7,5,15,24
312,8,6,15,25
313,9,0,15,25
314,10,1,15,25
315,11,2,15,26
316,12,3,15,26
317,13,4,15,26
318,14,5,15,26
319,15,6,15,26
320,16,0,15,27
321,17,1,15,27
322,18,2,15,27
323,19,3,15,26
324,20,4,15,25
325,21,5,15,24
326,22,6,15,25
327,23,0,15,25
328,24,1,15,25
329,25,2,15,25
330,26,3,15,23
331,27,4,15,22
332,28,5,15,23
333,29,6,15,25
334,30,0,15,25
335,1,1,15,26
336,2,2,15,27
337,3,3,15,26
338,4,4,15,25
339,5,5,15,24
340,6,6,15,22
341,7,0,15,21
342,8,1,15,22
343,9,2,15,23
344,10,3,15,24
345,11,4,15,24
346,12,5,15,25
347,13,6,15,26
348,14,0,15,26
349,15,1,15,25
350,16,2,15,22
351,17,3,15,18
352,18,4,15,18
353,19,5,15,20
354,20,6,15,21
355,21,0,15,22
356,22,1,15,22
357,23,2,15,25
358,24,3,15,27
359,25,4,15,27
360,26,5,15,24
361,27,6,15,25
362,28,0,15,24
363,29,1,15,23
364,30,2,15,23
365,31,3,15,21
1,1,4,16,21
2,2,5,16,22
3,3,6,16,23
4,4,0,16,24
5,5,1,16,24
6,6,2,16,25
7,7,3,16,25
8,8,4,16,25
9,9,5,16,25
10,10,6,16,23
11,11,0,16,23
12,12,1,16,24
13,13,2,16,25
14,14,3,16,25
15,15,4,16,26
16,16,5,16,26
17,17,6,16,25
18,18,0,16,26
19,19,1,16,26
20,20,2,16,25
21,21,3,16,26
22,22,4,16,27
23,23,5,16,24
24,24,6,16,13
25,25,0,16,11
26,26,1,16,11
27,27,2,16,15
28,28,3,16,21
29,29,4,16,23
30,30,5,16,25
31,31,6,16,25
32,1,0,16,24
33,2,1,16,20
34,3,2,16,19
35,4,3,16,22
36,5,4,16,21
37,6,5,16,18
38,7,6,16,15
39,8,0,16,15
40,9,1,16,17
41,10,2,16,21
42,11,3,16,23
43,12,4,16,24
44,13,5,16,25
45,14,6,16,27
46,15,0,16,25
47,16,1,16,21
48,17,2,16,22
49,18,3,16,23
50,19,4,16,26
51,20,5,16,25
52,21,6,16,23
53,22,0,16,27
54,23,1,16,28
55,24,2,16,24
56,25,3,16,21
57,26,4,16,21
58,27,5,16,21
59,28,6,16,23
60,29,0,16,23
61,1,1,16,22
62,2,2,16,22
63,3,3,16,25
64,4,4,16,28
65,5,5,16,29
66,6,6,16,29
67,7,0,16,29
68,8,1,16,30
69,9,2,16,30
70,10,3,16,31
71,11,4,16,27
72,12,5,16,28
73,13,6,16,29
74,14,0,16,30
75,15,1,16,31
76,16,2,16,30
77,17,3,16,30
78,18,4,16,30
79,19,5,16,31
80,20,6,16,31
81,21,0,16,31
82,22,1,16,31
83,23,2,16,30
84,24,3,16,31
85,25,4,16,27
86,26,5,16,23
87,27,6,16,26
88,28,0,16,26
89,29,1,16,28
90,30,2,16,29
91,31,3,16,28
92,1,4,16,27
93,2,5,16,28
94,3,6,16,29
95,4,0,16,30
96,5,1,16,30
97,6,2,16,31
98,7,3,16,32
99,8,4,16,32
100,9,5,16,32
101,10,6,16,32
102,11,0,16,33
103,12,1,16,33
104,13,2,16,34
105,14,3,16,34
106,15,4,16,34
107,16,5,16,33
108,17,6,16,33
109,18,0,16,34
110,19,1,16,33
111,20,2,16,32
112,21,3,16,30
113,22,4,16,31
114,23,5,16,32
115,24,6,16,32
116,25,0,16,32
117,26,1,16,33
118,27,2,16,33
119,28,3,16,32
120,29,4,16,30
121,30,5,16,27
122,1,6,16,29
123,2,0,16,29
124,3,1,16,31
125,4,2,16,30
126,5,3,16,31
127,6,4,16,31
128,7,5,16,31
129,8,6,16,30
130,9,0,16,31
131,10,1,16,32
132,11,2,16,33
133,12,3,16,31
134,13,4,16,28
135,14,5,16,29
136,15,6,16,27
137,16,0,16,27
138,17,1,16,28
139,18,2,16,26
140,19,3,16,28
141,20,4,16,27
142,21,5,16,28
143,22,6,16,28
144,23,0,16,27
145,24,1,16,28
146,25,2,16,28
147,26,3,16,29
148,27,4,16,29
149,28,5,16,29
150,29,6,16,26
151,30,0,16,26
152,31,1,16,27
153,1,2,16,28
154,2,3,16,28
155,3,4,16,30
156,4,5,16,27
157,5,6,16,26
158,6,0,16,26
159,7,1,16,26
160,8,2,16,27
161,9,3,16,28
162,10,4,16,28
163,11,5,16,28
164,12,6,16,28
165,13,0,16,29
166,14,1,16,27
167,15,2,16,29
168,16,3,16,28
169,17,4,16,27
170,18,5,16,26
171,19,6,16,29
172,20,0,16,27
173,21,1,16,26
174,22,2,16,27
175,23,3,16,25
176,24,4,16,25
177,25,5,16,25
178,26,6,16,25
179,27,0,16,25
180,28,1,16,26
181,29,2,16,25
182,30,3,16,25
183,1,4,16,25
184,2,5,16,25
185,3,6,16,25
186,4,0,16,26
187,5,1,16,24
188,6,2,16,23
189,7,3,16,24
190,8,4,16,26
191,9,5,16,25
192,10,6,16,25
193,11,0,16,25
194,12,1,16,25
195,13,2,16,25
196,14,3,16,26
197,15,4,16,26
198,16,5,16,26
199,17,6,16,26
200,18,0,16,25
201,19,1,16,24
202,20,2,16,25
203,21,3,16,25
204,22,4,16,26
205,23,5,16,25
206,24,6,16,25
207,25,0,16,26
208,26,1,16,27
209,27,2,16,26
210,28,3,16,25
211,29,4,16,25
212,30,5,16,24
213,31,6,16,25
214,1,0,16,26
215,2,1,16,26
216,3,2,16,26
217,4,3,16,25
218,5,4,16,25
219,6,5,16,25
220,7,6,16,26
221,8,0,16,26
222,9,1,16,25
223,10,2,16,26
224,11,3,16,25
225,12,4,16,24
226,13,5,16,25
227,14,6,16,25
228,15,0,16,25
229,16,1,16,25
230,17,2,16,26
231,18,3,16,26
232,19,4,16,24
233,20,5,16,26
234,21,6,16,28
235,22,0,16,28
236,23,1,16,26
237,24,2,16,25
238,25,3,16,26
239,26,4,16,26
240,27,5,16,26
241,28,6,16,26
242,29,0,16,25
243,30,1,16,25
244,31,2,16,25
245,1,3,16,25
246,2,4,16,26
247,3,5,16,25
248,4,6,16,25
249,5,0,16,25
250,6,1,16,25
251,7,2,16,25
252,8,3,16,25
253,9,4,16,26
254,10,5,16,25
255,11,6,16,25
256,12,0,16,24
257,13,1,16,24
258,14,2,16,23
259,15,3,16,25
260,16,4,16,25
261,17,5,16,26
262,18,6,16,26
263,19,0,16,25
264,20,1,16,25
265,21,2,16,24
266,22,3,16,24
267,23,4,16,24
268,24,5,16,24
269,25,6,16,25
270,26,0,16,24
271,27,1,16,26
272,28,2,16,25
273,29,3,16,25
274,30,4,16,24
275,1,5,16,24
276,2,6,16,25
277,3,0,16,25
278,4,1,16,25
279,5,2,16,26
280,6,3,16,25
281,7,4,16,24
282,8,5,16,24
283,9,6,16,25
284,10,0,16,26
285,11,1,16,26
286,12,2,16,25
287,13,3,16,24
288,14,4,16,24
289,15,5,16,24
290,16,6,16,25
291,17,0,16,24
292,18,1,16,25
293,19,2,16,26
294,20,3,16,26
295,21,4,16,25
296,22,5,16,25
297,23,6,16,25
298,24,0,16,25
299,25,1,16,24
300,26,2,16,24
301,27,3,16,25
302,28,4,16,25
303,29,5,16,25
304,30,6,16,24
305,31,0,16,23
306,1,1,16,24
307,2,2,16,22
308,3,3,16,21
309,4,4,16,21
310,5,5,16,23
311,6,6,16,24
312,7,0,16,24
313,8,1,16,24
314,9,2,16,23
315,10,3,16,17
316,11,4,16,19
317,12,5,16,22
318,13,6,16,24
319,14,0,16,25
320,15,1,16,24
321,16,2,16,22
322,17,3,16,22
323,18,4,16,23
324,19,5,16,23
325,20,6,16,24
326,21,0,16,25
327,22,1,16,25
328,23,2,16,24
329,24,3,16,22
330,25,4,16,21
331,26,5,16,22
332,27,6,16,19
333,28,0,16,19
334,29,1,16,20
335,30,2,16,20
336,1,3,16,19
337,2,4,16,20
338,3,5,16,21
339,4,6,16,22
340,5,0,16,21
341,6,1,16,20
342,7,2,16,20
343,8,3,16,20
344,9,4,16,19
345,10,5,16,19
346,11,6,16,20
347,12,0,16,21
348,13,1,16,22
349,14,2,16,23
350,15,3,16,18
351,16,4,16,16
352,17,5,16,16
353,18,6,16,20
354,19,0,16,22
355,20,1,16,23
356,21,2,16,23
357,22,3,16,23
358,23,4,16,22
359,24,5,16,23
360,25,6,16,24
361,26,0,16,24
362,27,1,16,21
363,28,2,16,18
364,29,3,16,17
365,30,4,16,18
366,31,5,16,20
1,1,6,17,21
2,2,0,17,22
3,3,1,17,22
4,4,2,17,23
5,5,3,17,23
6,6,4,17,21
7,7,5,17,23
8,8,6,17,24
9,9,0,17,23
10,10,1,17,23
11,11,2,17,25
12,12,3,17,25
13,13,4,17,23
14,14,5,17,22
15,15,6,17,23
16,16,0,17,22
17,17,1,17,23
18,18,2,17,24
19,19,3,17,23
20,20,4,17,23
21,21,5,17,21
22,22,6,17,20
23,23,0,17,20
24,24,1,17,20
25,25,2,17,22
26,26,3,17,22
27,27,4,17,21
28,28,5,17,21
29,29,6,17,23
30,30,0,17,24
31,31,1,17,22
32,1,2,17,22
33,2,3,17,22
34,3,4,17,23
35,4,5,17,24
36,5,6,17,24
37,6,0,17,24
38,7,1,17,25
39,8,2,17,25
40,9,3,17,24
41,10,4,17,21
42,11,5,17,21
43,12,6,17,19
44,13,0,17,19
45,14,1,17,20
46,15,2,17,21
47,16,3,17,22
48,17,4,17,23
49,18,5,17,23
50,19,6,17,24
51,20,0,17,26
52,21,1,17,26
53,22,2,17,27
54,23,3,17,29
55,24,4,17,28
56,25,5,17,23
57,26,6,17,24
58,27,0,17,23
59,28,1,17,24
60,1,2,17,24
61,2,3,17,24
62,3,4,17,25
63,4,5,17,27
64,5,6,17,28
65,6,0,17,29
66,7,1,17,29
67,8,2,17,29
68,9,3,17,26
69,10,4,17,28
70,11,5,17,29
71,12,6,17,29
72,13,0,17,29
73,14,1,17,29
74,15,2,17,30
75,16,3,17,28
76,17,4,17,27
77,18,5,17,27
78,19,6,17,27
79,20,0,17,27
80,21,1,17,27
81,22,2,17,28
82,23,3,17,29
83,24,4,17,26
84,25,5,17,26
85,26,6,17,22
86,27,0,17,20
87,28,1,17,24
88,29,2,17,27
89,30,3,17,28
90,31,4,17,26
91,1,5,17,24
92,2,6,17,23
93,3,0,17,25
94,4,1,17,27
95,5,2,17,27
96,6,3,17,28
97,7,4,17,29
98,8,5,17,30
99,9,6,17,30
100,10,0,17,30
101,11,1,17,29
102,12,2,17,30
103,13,3,17,29
104,14,4,17,27
105,15,5,17,28
106,16,6,17,29
107,17,0,17,30
108,18,1,17,29
109,19,2,17,29
110,20,3,17,30
111,21,4,17,30
112,22,5,17,31
113,23,6,17,31
114,24,0,17,31
115,25,1,17,29
116,26,2,17,30
117,27,3,17,32
118,28,4,17,27
119,29,5,17,26
120,30,6,17,28
121,1,0,17,30
122,2,1,17,29
123,3,2,17,30
124,4,3,17,28
125,5,4,17,27
126,6,5,17,28
127,7,6,17,26
128,8,0,17,28
129,9,1,17,27
